Country,Region,Happiness Rank,Happiness Score,Standard Error,Economy (GDP per Capita),Family,Health (Life Expectancy),Freedom,Trust (Government Corruption),Generosity,Dystopia Residual,Total score
Switzerland,Western Europe,1,7.59,0.03,1.4,1.35,0.94,0.67,0.42,0.3,2.52,16.17
Iceland,Western Europe,2,7.56,0.05,1.3,1.4,0.95,0.63,0.14,0.44,2.7,17.12
Denmark,Western Europe,3,7.53,0.03,1.33,1.36,0.87,0.65,0.48,0.34,2.49,18.05
Norway,Western Europe,4,7.52,0.04,1.46,1.33,0.89,0.67,0.37,0.35,2.47,19.04
Canada,North America,5,7.43,0.04,1.33,1.32,0.91,0.63,0.33,0.46,2.45,19.85
Finland,Western Europe,6,7.41,0.03,1.29,1.32,0.89,0.64,0.41,0.23,2.62,20.81
Netherlands,Western Europe,7,7.38,0.03,1.33,1.28,0.89,0.62,0.32,0.48,2.47,21.76
Sweden,Western Europe,8,7.36,0.03,1.33,1.29,0.91,0.66,0.44,0.36,2.37,22.73
New Zealand,Australia and New Zealand,9,7.29,0.03,1.25,1.32,0.91,0.64,0.43,0.48,2.26,23.57
Australia,Australia and New Zealand,10,7.28,0.04,1.33,1.31,0.93,0.65,0.36,0.44,2.27,24.57
Israel,Middle East and Northern Africa,11,7.28,0.04,1.23,1.22,0.91,0.41,0.08,0.33,3.09,25.56
Costa Rica,Latin America and Caribbean,12,7.23,0.04,0.96,1.24,0.86,0.63,0.11,0.25,3.18,26.45
Austria,Western Europe,13,7.2,0.04,1.34,1.3,0.89,0.62,0.19,0.33,2.53,27.4
Mexico,Latin America and Caribbean,14,7.19,0.04,1.02,0.91,0.81,0.48,0.21,0.14,3.6,28.37
United States,North America,15,7.12,0.04,1.39,1.25,0.86,0.55,0.16,0.4,2.51,29.24
Brazil,Latin America and Caribbean,16,6.98,0.04,0.98,1.23,0.7,0.49,0.18,0.15,3.26,29.97
Luxembourg,Western Europe,17,6.95,0.04,1.56,1.22,0.92,0.62,0.38,0.28,1.97,30.89
Ireland,Western Europe,18,6.94,0.04,1.34,1.37,0.9,0.62,0.29,0.46,1.98,31.88
Belgium,Western Europe,19,6.94,0.04,1.31,1.29,0.9,0.58,0.23,0.22,2.41,32.87
United Arab Emirates,Middle East and Northern Africa,20,6.9,0.04,1.43,1.13,0.81,0.64,0.39,0.26,2.25,33.8
United Kingdom,Western Europe,21,6.87,0.02,1.27,1.29,0.91,0.6,0.32,0.52,1.97,34.73
Oman,Middle East and Northern Africa,22,6.85,0.05,1.36,1.08,0.76,0.63,0.33,0.22,2.47,35.71
Venezuela,Latin America and Caribbean,23,6.81,0.06,1.04,1.26,0.72,0.43,0.11,0.06,3.19,36.62
Singapore,Southeastern Asia,24,6.8,0.04,1.52,1.02,1.03,0.54,0.49,0.31,1.89,37.6
Panama,Latin America and Caribbean,25,6.79,0.05,1.06,1.2,0.8,0.54,0.09,0.24,2.85,38.57
Germany,Western Europe,26,6.75,0.02,1.33,1.3,0.89,0.61,0.22,0.28,2.12,39.5
Chile,Latin America and Caribbean,27,6.67,0.06,1.11,1.12,0.86,0.44,0.13,0.33,2.68,40.34
Qatar,Middle East and Northern Africa,28,6.61,0.06,1.69,1.08,0.8,0.64,0.52,0.33,1.56,41.22
France,Western Europe,29,6.58,0.04,1.28,1.26,0.95,0.55,0.21,0.12,2.21,42.15
Argentina,Latin America and Caribbean,30,6.57,0.05,1.05,1.25,0.79,0.45,0.08,0.11,2.84,43.15
Czech Republic,Central and Eastern Europe,31,6.5,0.04,1.18,1.21,0.84,0.46,0.03,0.11,2.68,44.01
Uruguay,Latin America and Caribbean,32,6.48,0.04,1.06,1.21,0.81,0.6,0.25,0.23,2.32,44.97
Colombia,Latin America and Caribbean,33,6.48,0.05,0.92,1.24,0.69,0.53,0.05,0.18,2.86,45.95
Thailand,Southeastern Asia,34,6.46,0.04,0.97,1.27,0.74,0.56,0.03,0.58,2.32,46.91
Saudi Arabia,Middle East and Northern Africa,35,6.41,0.05,1.4,1.08,0.72,0.31,0.33,0.14,2.44,47.82
Spain,Western Europe,36,6.33,0.04,1.23,1.31,0.96,0.46,0.06,0.18,2.12,48.66
Malta,Western Europe,37,6.3,0.04,1.21,1.3,0.89,0.6,0.14,0.52,1.65,49.6
Taiwan,Eastern Asia,38,6.3,0.04,1.29,1.08,0.88,0.4,0.08,0.25,2.32,50.6
Kuwait,Middle East and Northern Africa,39,6.3,0.04,1.55,1.17,0.72,0.55,0.26,0.16,1.88,51.59
Suriname,Latin America and Caribbean,40,6.27,0.1,1.0,0.97,0.61,0.6,0.14,0.17,2.79,52.54
Trinidad and Tobago,Latin America and Caribbean,41,6.17,0.11,1.21,1.18,0.61,0.56,0.01,0.32,2.27,53.34
El Salvador,Latin America and Caribbean,42,6.13,0.06,0.76,1.03,0.68,0.4,0.12,0.11,3.04,54.26
Guatemala,Latin America and Caribbean,43,6.12,0.05,0.75,1.04,0.64,0.58,0.09,0.27,2.74,55.25
Uzbekistan,Central and Eastern Europe,44,6.0,0.04,0.63,1.34,0.6,0.66,0.31,0.23,2.24,56.01
Slovakia,Central and Eastern Europe,45,6.0,0.04,1.17,1.27,0.79,0.32,0.03,0.17,2.25,56.99
Japan,Eastern Asia,46,5.99,0.04,1.27,1.26,0.99,0.5,0.18,0.11,1.68,57.97
South Korea,Eastern Asia,47,5.98,0.04,1.24,0.96,0.97,0.33,0.08,0.19,2.22,58.97
Ecuador,Latin America and Caribbean,48,5.98,0.04,0.86,1.0,0.79,0.49,0.18,0.12,2.54,59.95
Bahrain,Middle East and Northern Africa,49,5.96,0.05,1.32,1.22,0.75,0.45,0.31,0.17,1.74,60.92
Italy,Western Europe,50,5.95,0.04,1.25,1.2,0.95,0.26,0.03,0.23,2.03,61.9
Bolivia,Latin America and Caribbean,51,5.89,0.06,0.68,0.98,0.54,0.57,0.09,0.21,2.82,62.78
Moldova,Central and Eastern Europe,52,5.89,0.04,0.59,1.02,0.62,0.33,0.02,0.21,3.11,63.78
Paraguay,Latin America and Caribbean,53,5.88,0.05,0.76,1.3,0.66,0.54,0.08,0.34,2.19,64.76
Kazakhstan,Central and Eastern Europe,54,5.86,0.04,1.12,1.12,0.64,0.52,0.08,0.12,2.25,65.71
Slovenia,Central and Eastern Europe,55,5.85,0.04,1.18,1.27,0.87,0.61,0.04,0.25,1.62,66.7
Lithuania,Central and Eastern Europe,56,5.83,0.04,1.15,1.26,0.73,0.21,0.01,0.03,2.45,67.67
Nicaragua,Latin America and Caribbean,57,5.83,0.05,0.59,1.14,0.74,0.55,0.19,0.28,2.32,68.66
Peru,Latin America and Caribbean,58,5.82,0.05,0.9,0.97,0.73,0.41,0.06,0.15,2.59,69.65
Belarus,Central and Eastern Europe,59,5.81,0.04,1.03,1.23,0.74,0.38,0.19,0.11,2.13,70.63
Poland,Central and Eastern Europe,60,5.79,0.04,1.13,1.28,0.78,0.53,0.04,0.17,1.87,71.58
Malaysia,Southeastern Asia,61,5.77,0.04,1.12,1.07,0.72,0.53,0.11,0.33,1.89,72.54
Croatia,Central and Eastern Europe,62,5.76,0.04,1.08,0.8,0.79,0.26,0.02,0.05,2.75,73.52
Libya,Middle East and Northern Africa,63,5.75,0.08,1.13,1.12,0.7,0.42,0.11,0.18,2.09,74.51
Russia,Central and Eastern Europe,64,5.72,0.03,1.14,1.24,0.67,0.37,0.03,0.0,2.27,75.43
Jamaica,Latin America and Caribbean,65,5.71,0.14,0.81,1.15,0.69,0.5,0.02,0.21,2.32,76.42
North Cyprus,Western Europe,66,5.7,0.06,1.21,1.07,0.92,0.49,0.14,0.26,1.6,77.39
Cyprus,Western Europe,67,5.69,0.06,1.21,0.89,0.92,0.41,0.06,0.31,1.89,78.38
Algeria,Middle East and Northern Africa,68,5.6,0.05,0.94,1.08,0.62,0.29,0.17,0.08,2.43,79.21
Kosovo,Central and Eastern Europe,69,5.59,0.05,0.8,0.81,0.63,0.25,0.05,0.28,2.77,80.18
Turkmenistan,Central and Eastern Europe,70,5.55,0.04,0.96,1.23,0.54,0.48,0.31,0.17,1.87,81.1
Mauritius,Sub-Saharan Africa,71,5.48,0.07,1.01,0.99,0.71,0.56,0.08,0.38,1.76,81.95
Hong Kong,Eastern Asia,72,5.47,0.05,1.39,1.06,1.01,0.6,0.37,0.39,0.65,82.95
Estonia,Central and Eastern Europe,73,5.43,0.04,1.15,1.23,0.77,0.45,0.15,0.09,1.59,83.86
Indonesia,Southeastern Asia,74,5.4,0.03,0.83,1.09,0.64,0.47,0.0,0.52,1.86,84.8
Vietnam,Southeastern Asia,75,5.36,0.03,0.63,0.91,0.75,0.59,0.1,0.17,2.2,85.72
Turkey,Middle East and Northern Africa,76,5.33,0.04,1.06,0.95,0.73,0.23,0.16,0.12,2.09,86.66
Kyrgyzstan,Central and Eastern Europe,77,5.29,0.04,0.47,1.15,0.65,0.43,0.04,0.3,2.23,87.57
Nigeria,Sub-Saharan Africa,78,5.27,0.04,0.65,0.9,0.16,0.34,0.04,0.27,2.89,88.54
Bhutan,Southern Asia,79,5.25,0.03,0.77,1.1,0.57,0.53,0.15,0.48,1.64,89.51
Azerbaijan,Central and Eastern Europe,80,5.21,0.03,1.02,0.94,0.64,0.37,0.16,0.08,2.0,90.42
Pakistan,Southern Asia,81,5.19,0.04,0.6,0.41,0.51,0.12,0.1,0.34,3.11,91.39
Jordan,Middle East and Northern Africa,82,5.19,0.04,0.9,1.05,0.7,0.41,0.14,0.11,1.88,92.38
Montenegro,Central and Eastern Europe,82,5.19,0.05,0.97,0.91,0.73,0.18,0.14,0.16,2.1,92.38
China,Eastern Asia,84,5.14,0.02,0.89,0.95,0.82,0.52,0.03,0.08,1.86,94.28
Zambia,Sub-Saharan Africa,85,5.13,0.07,0.47,0.92,0.3,0.49,0.12,0.2,2.63,95.26
Romania,Central and Eastern Europe,86,5.12,0.07,1.04,0.89,0.77,0.35,0.01,0.14,1.93,96.25
Serbia,Central and Eastern Europe,87,5.12,0.05,0.92,1.01,0.75,0.2,0.03,0.19,2.02,97.25
Portugal,Western Europe,88,5.1,0.05,1.16,1.14,0.88,0.51,0.01,0.14,1.26,98.2
Latvia,Central and Eastern Europe,89,5.1,0.05,1.11,1.1,0.72,0.3,0.06,0.18,1.62,99.2
Philippines,Southeastern Asia,90,5.07,0.05,0.71,1.04,0.58,0.63,0.12,0.25,1.75,100.15
Somaliland region,Sub-Saharan Africa,91,5.06,0.06,0.19,0.95,0.44,0.47,0.4,0.5,2.11,101.11
Morocco,Middle East and Northern Africa,92,5.01,0.03,0.73,0.64,0.61,0.42,0.09,0.07,2.45,102.03
Macedonia,Central and Eastern Europe,93,5.01,0.05,0.92,1.0,0.74,0.33,0.05,0.22,1.74,103.01
Mozambique,Sub-Saharan Africa,94,4.97,0.08,0.08,1.03,0.09,0.34,0.16,0.22,3.05,103.94
Albania,Central and Eastern Europe,95,4.96,0.05,0.88,0.8,0.81,0.36,0.06,0.14,1.9,104.92
Bosnia and Herzegovina,Central and Eastern Europe,96,4.95,0.07,0.83,0.92,0.79,0.09,0.0,0.25,2.06,105.9
Lesotho,Sub-Saharan Africa,97,4.9,0.09,0.38,1.04,0.08,0.32,0.13,0.16,2.8,106.8
Dominican Republic,Latin America and Caribbean,98,4.88,0.07,0.9,1.17,0.67,0.58,0.14,0.22,1.21,107.77
Laos,Southeastern Asia,99,4.88,0.07,0.59,0.74,0.55,0.6,0.24,0.42,1.74,108.75
Mongolia,Eastern Asia,100,4.87,0.03,0.83,1.3,0.6,0.44,0.03,0.33,1.35,109.75
Swaziland,Sub-Saharan Africa,101,4.87,0.09,0.71,1.07,0.08,0.31,0.03,0.18,2.49,110.73
Greece,Western Europe,102,4.86,0.05,1.15,0.93,0.88,0.08,0.01,0.0,1.8,111.71
Lebanon,Middle East and Northern Africa,103,4.84,0.04,1.03,0.8,0.84,0.34,0.05,0.22,1.57,112.68
Hungary,Central and Eastern Europe,104,4.8,0.06,1.12,1.2,0.76,0.32,0.03,0.13,1.24,113.6
Honduras,Latin America and Caribbean,105,4.79,0.06,0.6,0.95,0.7,0.4,0.07,0.23,1.84,114.58
Tajikistan,Central and Eastern Europe,106,4.79,0.03,0.39,0.86,0.57,0.47,0.15,0.23,2.11,115.57
Tunisia,Middle East and Northern Africa,107,4.74,0.04,0.88,0.6,0.74,0.26,0.06,0.06,2.12,116.48
Palestinian Territories,Middle East and Northern Africa,108,4.72,0.04,0.6,0.93,0.66,0.24,0.13,0.11,2.04,117.43
Bangladesh,Southern Asia,109,4.69,0.03,0.4,0.43,0.6,0.41,0.13,0.21,2.52,118.39
Iran,Middle East and Northern Africa,110,4.69,0.04,1.01,0.54,0.7,0.3,0.06,0.38,1.69,119.37
Ukraine,Central and Eastern Europe,111,4.68,0.04,0.8,1.2,0.67,0.25,0.03,0.15,1.57,120.36
Iraq,Middle East and Northern Africa,112,4.68,0.05,0.99,0.82,0.6,0.0,0.14,0.18,1.95,121.35
South Africa,Sub-Saharan Africa,113,4.64,0.05,0.92,1.18,0.28,0.33,0.09,0.12,1.72,122.28
Ghana,Sub-Saharan Africa,114,4.63,0.05,0.55,0.68,0.4,0.42,0.04,0.23,2.31,123.27
Zimbabwe,Sub-Saharan Africa,115,4.61,0.04,0.27,1.03,0.33,0.26,0.08,0.19,2.44,124.22
Liberia,Sub-Saharan Africa,116,4.57,0.11,0.07,0.79,0.34,0.29,0.06,0.24,2.78,125.14
India,Southern Asia,117,4.57,0.02,0.64,0.38,0.52,0.4,0.08,0.26,2.28,126.13
Sudan,Sub-Saharan Africa,118,4.55,0.07,0.52,1.01,0.37,0.1,0.15,0.19,2.21,127.1
Haiti,Latin America and Caribbean,119,4.52,0.07,0.27,0.74,0.39,0.24,0.17,0.46,2.24,128.04
Congo (Kinshasa),Sub-Saharan Africa,120,4.52,0.04,0.0,1.0,0.1,0.23,0.08,0.25,2.87,129.03
Nepal,Southern Asia,121,4.51,0.04,0.36,0.86,0.57,0.38,0.06,0.32,1.96,130.03
Ethiopia,Sub-Saharan Africa,122,4.51,0.04,0.19,0.6,0.44,0.43,0.15,0.24,2.45,131.02
Sierra Leone,Sub-Saharan Africa,123,4.51,0.07,0.33,0.96,0.0,0.41,0.09,0.21,2.51,132.01
Mauritania,Sub-Saharan Africa,124,4.44,0.04,0.45,0.87,0.36,0.24,0.17,0.22,2.12,132.87
Kenya,Sub-Saharan Africa,125,4.42,0.05,0.36,1.0,0.41,0.42,0.06,0.38,1.79,133.84
Djibouti,Sub-Saharan Africa,126,4.37,0.08,0.44,0.59,0.36,0.46,0.28,0.18,2.05,134.74
Armenia,Central and Eastern Europe,127,4.35,0.05,0.77,0.78,0.73,0.2,0.04,0.08,1.76,135.7
Botswana,Sub-Saharan Africa,128,4.33,0.05,0.99,1.1,0.05,0.49,0.12,0.1,1.46,136.66
Myanmar,Southeastern Asia,129,4.31,0.04,0.27,0.71,0.48,0.44,0.19,0.8,1.42,137.61
Georgia,Central and Eastern Europe,130,4.3,0.04,0.74,0.39,0.73,0.41,0.38,0.06,1.6,138.59
Malawi,Sub-Saharan Africa,131,4.29,0.06,0.02,0.41,0.23,0.43,0.07,0.33,2.81,139.58
Sri Lanka,Southern Asia,132,4.27,0.04,0.84,1.02,0.71,0.54,0.09,0.41,0.67,140.54
Cameroon,Sub-Saharan Africa,133,4.25,0.05,0.42,0.89,0.23,0.49,0.06,0.21,1.95,141.5
Bulgaria,Central and Eastern Europe,134,4.22,0.05,1.01,1.11,0.77,0.31,0.01,0.12,0.9,142.44
Egypt,Middle East and Northern Africa,135,4.19,0.03,0.88,0.75,0.62,0.17,0.06,0.11,1.6,143.39
Yemen,Middle East and Northern Africa,136,4.08,0.04,0.55,0.68,0.4,0.36,0.08,0.09,1.92,144.15
Angola,Sub-Saharan Africa,137,4.03,0.05,0.76,0.86,0.17,0.1,0.07,0.12,1.95,145.07
Mali,Sub-Saharan Africa,138,4.0,0.06,0.26,1.04,0.21,0.39,0.12,0.19,1.79,145.99
Congo (Brazzaville),Sub-Saharan Africa,139,3.99,0.07,0.68,0.66,0.31,0.41,0.12,0.12,1.68,146.98
Comoros,Sub-Saharan Africa,140,3.96,0.05,0.24,0.79,0.36,0.23,0.2,0.17,1.96,147.91
Uganda,Sub-Saharan Africa,141,3.93,0.04,0.21,1.13,0.34,0.46,0.07,0.29,1.43,148.86
Senegal,Sub-Saharan Africa,142,3.9,0.04,0.36,0.98,0.44,0.37,0.11,0.21,1.44,149.81
Gabon,Sub-Saharan Africa,143,3.9,0.04,1.06,0.91,0.43,0.32,0.11,0.07,1.0,150.79
Niger,Sub-Saharan Africa,144,3.84,0.04,0.07,0.77,0.3,0.48,0.16,0.19,1.88,151.69
Cambodia,Southeastern Asia,145,3.82,0.05,0.46,0.63,0.61,0.66,0.07,0.4,0.98,152.64
Tanzania,Sub-Saharan Africa,146,3.78,0.05,0.29,1.0,0.38,0.33,0.06,0.34,1.38,153.56
Madagascar,Sub-Saharan Africa,147,3.68,0.04,0.21,0.67,0.47,0.19,0.08,0.21,1.85,154.36
Central African Republic,Sub-Saharan Africa,148,3.68,0.06,0.08,0.0,0.07,0.49,0.08,0.24,2.72,155.36
Chad,Sub-Saharan Africa,149,3.67,0.04,0.34,0.76,0.15,0.24,0.05,0.18,1.94,156.33
Guinea,Sub-Saharan Africa,150,3.66,0.04,0.17,0.46,0.24,0.38,0.12,0.29,1.99,157.31
Ivory Coast,Sub-Saharan Africa,151,3.66,0.05,0.47,0.77,0.15,0.47,0.18,0.2,1.42,158.31
Burkina Faso,Sub-Saharan Africa,152,3.59,0.04,0.26,0.85,0.27,0.39,0.13,0.22,1.46,159.17
Afghanistan,Southern Asia,153,3.58,0.03,0.32,0.3,0.3,0.23,0.1,0.37,1.95,160.15
Rwanda,Sub-Saharan Africa,154,3.46,0.04,0.22,0.77,0.43,0.59,0.55,0.23,0.67,160.93
Benin,Sub-Saharan Africa,155,3.34,0.04,0.29,0.35,0.32,0.48,0.08,0.18,1.63,161.68
Syria,Middle East and Northern Africa,156,3.01,0.05,0.66,0.47,0.72,0.16,0.19,0.47,0.33,162.01
Burundi,Sub-Saharan Africa,157,2.9,0.09,0.02,0.42,0.22,0.12,0.1,0.2,1.83,162.81
Togo,Sub-Saharan Africa,158,2.84,0.07,0.21,0.14,0.28,0.36,0.11,0.17,1.57,163.68
