Rank,Player_Name,Position,Team,Age,Birth_Year,Matches_Played,Matches_Started,Minutes_Played,Ninety_Minute_Equivalents,Goals,Assists,Goals_Assists,Non_Penalty_Goals,Penalty_Goals,Penalty_Attempts,Yellow_Cards,Red_Cards,Player_ID,Assists_Per_90,Goal_Contributions_Per_90,Goals_Per_90,Non_Penalty_Goals_Per_90,Non_Penalty_Goal_Contributions_Per_90
1,Ignazio Abate,DF,it Italy,27.0,1986,1,1,90,1.0,0,0,0,0,0,0,0,0,1c529186,0.0,0.0,0.0,0.0,0.0
2,Vincent Aboubakar,FW,cm Cameroon,22.0,1992,2,2,140,1.6,0,0,0,0,0,0,0,0,8637e09a,0.0,0.0,0.0,0.0,0.0
3,Gabriel Achilier,DF,ec Ecuador,29.0,1985,2,0,10,0.1,0,0,0,0,0,0,0,0,bf7d1725,0.0,0.0,0.0,0.0,0.0
4,Johnny Acosta,DF,cr Costa Rica,30.0,1983,2,1,164,1.8,0,0,0,0,0,0,1,0,6aaf0284,0.0,0.0,0.0,0.0,0.0
5,Afriyie Acquah,MF,gh Ghana,22.0,1992,1,0,15,0.2,0,0,0,0,0,0,0,0,d7403bd5,0.0,0.0,0.0,0.0,0.0
6,Albert Adomah,FW,gh Ghana,26.0,1987,1,0,13,0.1,0,0,0,0,0,0,0,0,c7174e81,0.0,0.0,0.0,0.0,0.0
7,Harrison Afful,DF,gh Ghana,27.0,1986,2,2,180,2.0,0,1,1,0,0,0,1,0,7d8ede09,0.5,0.5,0.0,0.0,0.5
8,Sergio Agüero,FW,ar Argentina,26.0,1988,5,3,313,3.5,0,0,0,0,0,0,1,0,4d034881,0.0,0.0,0.0,0.0,0.0
9,Abel Aguilar,MF,co Colombia,29.0,1985,3,3,236,2.6,0,2,2,0,0,0,0,0,6936b41b,0.76,0.76,0.0,0.0,0.76
10,Paul Aguilar,DF,mx Mexico,28.0,1986,4,4,360,4.0,0,0,0,0,0,0,2,0,c931cdfe,0.0,0.0,0.0,0.0,0.0
11,Emmanuel Agyemang-Badu,MF,gh Ghana,23.0,1990,2,1,103,1.1,0,0,0,0,0,0,0,0,fe0b8f0e,0.0,0.0,0.0,0.0,0.0
12,Igor Akinfeev,GK,ru Russia,28.0,1986,3,3,270,3.0,0,0,0,0,0,0,0,0,42ec696a,0.0,0.0,0.0,0.0,0.0
13,Jordi Alba,DF,es Spain,25.0,1989,3,3,270,3.0,0,0,0,0,0,0,0,0,4601e194,0.0,0.0,0.0,0.0,0.0
14,Raúl Albiol,DF,es Spain,28.0,1985,1,1,90,1.0,0,0,0,0,0,0,0,0,4bd414c1,0.0,0.0,0.0,0.0,0.0
15,Toby Alderweireld,DF,be Belgium,25.0,1989,4,4,390,4.3,0,0,0,0,0,0,2,0,f7d50789,0.0,0.0,0.0,0.0,0.0
16,André Almeida,DF,pt Portugal,23.0,1990,2,1,71,0.8,0,0,0,0,0,0,0,0,67b3d74b,0.0,0.0,0.0,0.0,0.0
17,Hugo Almeida,FW,pt Portugal,30.0,1984,1,1,27,0.3,0,0,0,0,0,0,0,0,740acaf8,0.0,0.0,0.0,0.0,0.0
18,Xabi Alonso,MF,es Spain,32.0,1981,3,3,189,2.1,1,0,1,0,1,1,1,0,dc001a06,0.0,0.48,0.48,0.0,0.0
19,Jozy Altidore,FW,us United States,24.0,1989,1,1,22,0.2,0,0,0,0,0,0,0,0,8db8ad1e,0.0,0.0,0.0,0.0,0.0
20,Éder Álvarez Balanta,DF,co Colombia,21.0,1993,1,1,90,1.0,0,0,0,0,0,0,0,0,8ce30c57,0.0,0.0,0.0,0.0,0.0
21,Ricky Álvarez,MF,ar Argentina,26.0,1988,1,0,28,0.3,0,0,0,0,0,0,0,0,92a5ac34,0.0,0.0,0.0,0.0,0.0
22,Bruno Alves,DF,pt Portugal,32.0,1981,3,3,270,3.0,0,0,0,0,0,0,0,0,585a73a8,0.0,0.0,0.0,0.0,0.0
23,Dani Alves,DF,br Brazil,31.0,1983,4,4,390,4.3,0,0,0,0,0,0,1,0,c9e99e49,0.0,0.0,0.0,0.0,0.0
24,Efe Ambrose,DF,ng Nigeria,25.0,1988,4,4,360,4.0,0,0,0,0,0,0,0,0,31e86a0f,0.0,0.0,0.0,0.0,0.0
25,Shola Ameobi,FW,ng Nigeria,32.0,1981,2,0,65,0.7,0,0,0,0,0,0,0,0,e79a368b,0.0,0.0,0.0,0.0,0.0
26,Rúben Amorim,MF,pt Portugal,29.0,1985,1,1,90,1.0,0,0,0,0,0,0,0,0,a9dfa7ad,0.0,0.0,0.0,0.0,0.0
27,Karim Ansarifard,FW,ir IR Iran,24.0,1990,1,0,23,0.3,0,0,0,0,0,0,1,0,50cddd19,0.0,0.0,0.0,0.0,0.0
28,Toshihiro Aoyama,MF,jp Japan,28.0,1986,1,1,61,0.7,0,0,0,0,0,0,0,0,c1b2b6e0,0.0,0.0,0.0,0.0,0.0
29,Javier Aquino,DF,mx Mexico,24.0,1990,1,0,30,0.3,0,0,0,0,0,0,0,0,215104cc,0.0,0.0,0.0,0.0,0.0
30,Charles Aránguiz,MF,cl Chile,25.0,1989,4,4,363,4.0,1,1,2,1,0,0,1,0,56413b1f,0.25,0.5,0.25,0.25,0.5
31,Egidio Arévalo,MF,uy Uruguay,32.0,1982,4,4,360,4.0,0,0,0,0,0,0,1,0,eb65c8f9,0.0,0.0,0.0,0.0,0.0
32,Santiago Arias,DF,co Colombia,22.0,1992,3,1,126,1.4,0,0,0,0,0,0,0,0,fdd60087,0.0,0.0,0.0,0.0,0.0
33,Pablo Armero,DF,co Colombia,27.0,1986,5,5,414,4.6,1,0,1,1,0,0,1,0,afabf74e,0.0,0.22,0.22,0.22,0.22
34,Michael Arroyo,FW,ec Ecuador,27.0,1987,2,1,102,1.1,0,0,0,0,0,0,0,0,a5f43c3f,0.0,0.0,0.0,0.0,0.0
35,Kwadwo Asamoah,DF,gh Ghana,25.0,1988,3,3,270,3.0,0,1,1,0,0,0,0,0,089550f5,0.33,0.33,0.0,0.0,0.33
36,Benoît Assou-Ekotto,DF,cm Cameroon,30.0,1984,2,2,180,2.0,0,0,0,0,0,0,0,0,a557e6b0,0.0,0.0,0.0,0.0,0.0
37,Christian Atsu,FW,gh Ghana,22.0,1992,3,3,238,2.6,0,0,0,0,0,0,0,0,8816329f,0.0,0.0,0.0,0.0,0.0
38,Serge Aurier,DF,ci Côte d'Ivoire,21.0,1992,3,3,270,3.0,0,2,2,0,0,0,0,0,5c2b4f07,0.67,0.67,0.0,0.0,0.67
39,André Ayew,FW,gh Ghana,24.0,1989,3,3,261,2.9,2,0,2,2,0,0,0,0,5dbefa9d,0.0,0.69,0.69,0.69,0.69
40,Jordan Ayew,FW,gh Ghana,22.0,1991,3,1,117,1.3,0,0,0,0,0,0,1,0,da052c14,0.0,0.0,0.0,0.0,0.0
41,Walter Ayoví,DF,ec Ecuador,34.0,1979,3,3,270,3.0,0,2,2,0,0,0,0,0,7d5241b0,0.67,0.67,0.0,0.0,0.67
42,Ramon Azeez,MF,ng Nigeria,21.0,1992,1,1,68,0.8,0,0,0,0,0,0,0,0,0cc474e7,0.0,0.0,0.0,0.0,0.0
43,César Azpilicueta,DF,es Spain,24.0,1989,2,2,180,2.0,0,0,0,0,0,0,0,0,53cad200,0.0,0.0,0.0,0.0,0.0
44,Michael Babatunde,MF,ng Nigeria,21.0,1992,2,2,139,1.5,0,1,1,0,0,0,0,0,4e946302,0.65,0.65,0.0,0.0,0.65
45,Carlos Bacca,FW,co Colombia,27.0,1986,1,0,21,0.2,0,0,0,0,0,0,0,0,09a9e921,0.0,0.0,0.0,0.0,0.0
46,Leighton Baines,DF,eng England,29.0,1984,2,2,180,2.0,0,0,0,0,0,0,0,0,b18095b6,0.0,0.0,0.0,0.0,0.0
47,Mario Balotelli,FW,it Italy,23.0,1990,3,3,207,2.3,1,0,1,1,0,0,2,0,8ff07990,0.0,0.43,0.43,0.43,0.43
48,Sol Bamba,DF,ci Côte d'Ivoire,29.0,1985,3,3,270,3.0,0,0,0,0,0,0,1,0,5534217d,0.0,0.0,0.0,0.0,0.0
49,Ross Barkley,MF,eng England,20.0,1993,3,1,147,1.6,0,0,0,0,0,0,1,0,3a24769f,0.0,0.0,0.0,0.0,0.0
50,Michael Barrantes,MF,cr Costa Rica,30.0,1983,2,0,15,0.2,0,0,0,0,0,0,0,0,2bbff300,0.0,0.0,0.0,0.0,0.0
51,Boubacar Barry,GK,ci Côte d'Ivoire,34.0,1979,3,3,270,3.0,0,0,0,0,0,0,0,0,bfa2435a,0.0,0.0,0.0,0.0,0.0
52,Andrea Barzagli,DF,it Italy,33.0,1981,3,3,270,3.0,0,0,0,0,0,0,0,0,7c0000fd,0.0,0.0,0.0,0.0,0.0
53,DaMarcus Beasley,DF,us United States,32.0,1982,4,4,390,4.3,0,0,0,0,0,0,0,0,e4d6e7d9,0.0,0.0,0.0,0.0,0.0
54,Jean Beausejour,DF,cl Chile,30.0,1984,2,0,68,0.8,1,0,1,1,0,0,0,0,c8404849,0.0,1.32,1.32,1.32,1.32
55,Brayan Beckeles,DF,hn Honduras,28.0,1985,3,3,270,3.0,0,0,0,0,0,0,0,0,5a19e4b8,0.0,0.0,0.0,0.0,0.0
56,Kyle Beckerman,MF,us United States,32.0,1982,3,3,270,3.0,0,0,0,0,0,0,1,0,3485cb96,0.0,0.0,0.0,0.0,0.0
57,Henri Bedimo,DF,cm Cameroon,30.0,1984,1,1,90,1.0,0,0,0,0,0,0,0,0,0d57f1c1,0.0,0.0,0.0,0.0,0.0
58,Alejandro Bedoya,FW,us United States,27.0,1987,4,3,283,3.1,0,0,0,0,0,0,0,0,9a6f8dfd,0.0,0.0,0.0,0.0,0.0
59,Asmir Begović,GK,ba Bosnia–Herz,26.0,1987,3,3,270,3.0,0,0,0,0,0,0,0,0,7b4de647,0.0,0.0,0.0,0.0,0.0
60,Valon Behrami,DF,ch Switzerland,29.0,1985,4,4,345,3.8,0,0,0,0,0,0,0,0,d3d758d8,0.0,0.0,0.0,0.0,0.0
61,Essaïd Belkalem,DF,dz Algeria,25.0,1989,3,2,212,2.4,0,0,0,0,0,0,0,0,747e6a95,0.0,0.0,0.0,0.0,0.0
62,Diego Benaglio,GK,ch Switzerland,30.0,1983,4,4,390,4.3,0,0,0,0,0,0,0,0,b7e7937d,0.0,0.0,0.0,0.0,0.0
63,Jerry Bengtson,FW,hn Honduras,27.0,1987,3,3,225,2.5,0,0,0,0,0,0,1,0,846938b6,0.0,0.0,0.0,0.0,0.0
64,Nabil Bentaleb,MF,dz Algeria,19.0,1994,3,3,270,3.0,0,0,0,0,0,0,1,0,3189f61a,0.0,0.0,0.0,0.0,0.0
65,Karim Benzema,FW,fr France,26.0,1987,5,5,450,5.0,3,2,5,2,1,2,0,0,70d74ece,0.4,1.0,0.6,0.4,0.8
66,Aleksei Berezutski,DF,ru Russia,31.0,1982,3,3,270,3.0,0,0,0,0,0,0,0,0,84ad89fa,0.0,0.0,0.0,0.0,0.0
67,Steve von Bergen,DF,ch Switzerland,31.0,1983,2,2,98,1.1,0,0,0,0,0,0,0,0,5d0d1ec7,0.0,0.0,0.0,0.0,0.0
68,Bernard,FW,br Brazil,21.0,1992,3,1,158,1.8,0,0,0,0,0,0,0,0,ab4b3e35,0.0,0.0,0.0,0.0,0.0
69,Víctor Bernárdez,DF,hn Honduras,32.0,1982,3,3,225,2.5,0,0,0,0,0,0,1,0,05f64d2f,0.0,0.0,0.0,0.0,0.0
70,Muhamed Bešić,DF,ba Bosnia–Herz,21.0,1992,3,3,270,3.0,0,0,0,0,0,0,1,0,7ca9f0f0,0.0,0.0,0.0,0.0,0.0
71,Matt Besler,DF,us United States,27.0,1987,4,4,345,3.8,0,0,0,0,0,0,0,0,8393a973,0.0,0.0,0.0,0.0,0.0
72,Beto,GK,pt Portugal,32.0,1982,2,2,178,2.0,0,0,0,0,0,0,0,0,3b4941e4,0.0,0.0,0.0,0.0,0.0
73,Ermin Bičakčić,DF,ba Bosnia–Herz,24.0,1990,1,1,90,1.0,0,0,0,0,0,0,0,0,7aac47fe,0.0,0.0,0.0,0.0,0.0
74,Lucas Biglia,MF,ar Argentina,28.0,1986,7,3,351,3.9,0,0,0,0,0,0,1,0,5710a281,0.0,0.0,0.0,0.0,0.0
75,Daley Blind,DF,nl Netherlands,24.0,1990,7,7,669,7.4,1,3,4,1,0,0,1,0,691bef82,0.4,0.54,0.13,0.13,0.54
76,Kim Bo-kyung,MF,kr Korea Republic,24.0,1989,2,0,32,0.4,0,0,0,0,0,0,0,0,587ddfd6,0.0,0.0,0.0,0.0,0.0
77,Jérôme Boateng,DF,de Germany,25.0,1988,7,7,645,7.2,0,0,0,0,0,0,0,0,2db2fd7b,0.0,0.0,0.0,0.0,0.0
78,Kevin-Prince Boateng,FW,gh Ghana,27.0,1987,2,1,83,0.9,0,0,0,0,0,0,0,0,f4ec4fd0,0.0,0.0,0.0,0.0,0.0
79,Arthur Boka,DF,ci Côte d'Ivoire,31.0,1983,3,3,254,2.8,0,0,0,0,0,0,0,0,3abb0642,0.0,0.0,0.0,0.0,0.0
80,Christian Bolaños,MF,cr Costa Rica,30.0,1984,5,4,412,4.6,0,2,2,0,0,0,0,0,da2911c4,0.44,0.44,0.0,0.0,0.44
81,Mathis Bolly,FW,ci Côte d'Ivoire,23.0,1990,1,0,18,0.2,0,0,0,0,0,0,0,0,e9895d1c,0.0,0.0,0.0,0.0,0.0
82,Leonardo Bonucci,DF,it Italy,27.0,1987,1,1,90,1.0,0,0,0,0,0,0,0,0,52ec54d0,0.0,0.0,0.0,0.0,0.0
83,Wilfried Bony,FW,ci Côte d'Ivoire,25.0,1988,3,2,166,1.8,2,0,2,2,0,0,0,0,61abe9b6,0.0,1.08,1.08,1.08,1.08
84,Celso Borges,FW,cr Costa Rica,26.0,1988,5,5,497,5.5,0,0,0,0,0,0,0,0,b8836910,0.0,0.0,0.0,0.0,0.0
85,Madjid Bougherra,DF,dz Algeria,31.0,1982,3,2,202,2.2,0,0,0,0,0,0,1,0,5050cc14,0.0,0.0,0.0,0.0,0.0
86,John Boye,DF,gh Ghana,27.0,1987,3,3,270,3.0,0,0,0,0,0,0,0,0,861227d2,0.0,0.0,0.0,0.0,0.0
87,Oliver Bozanic,MF,au Australia,25.0,1989,2,1,111,1.2,0,0,0,0,0,0,0,0,b3e61f31,0.0,0.0,0.0,0.0,0.0
88,Michael Bradley,MF,us United States,26.0,1987,4,4,390,4.3,0,1,1,0,0,0,0,0,fd5e3a73,0.23,0.23,0.0,0.0,0.23
89,Yacine Brahimi,FW,dz Algeria,24.0,1990,3,2,189,2.1,1,1,2,1,0,0,0,0,56b5d64e,0.48,0.95,0.48,0.48,0.95
90,Claudio Bravo,GK,cl Chile,31.0,1983,4,4,390,4.3,0,0,0,0,0,0,0,0,10072610,0.0,0.0,0.0,0.0,0.0
91,Randall Brenes,FW,cr Costa Rica,30.0,1983,3,1,106,1.2,0,0,0,0,0,0,0,0,cde46097,0.0,0.0,0.0,0.0,0.0
92,Mark Bresciano,MF,au Australia,34.0,1980,3,2,146,1.6,0,0,0,0,0,0,0,0,cb20f13a,0.0,0.0,0.0,0.0,0.0
93,John Brooks,DF,us United States,21.0,1993,1,0,45,0.5,1,0,1,1,0,0,0,0,e27da244,0.0,2.0,2.0,2.0,2.0
94,Marcelo Brozović,MF,hr Croatia,21.0,1992,1,0,30,0.3,0,0,0,0,0,0,0,0,33b8d077,0.0,0.0,0.0,0.0,0.0
95,Gianluigi Buffon,GK,it Italy,36.0,1978,2,2,180,2.0,0,0,0,0,0,0,0,0,e40d028b,0.0,0.0,0.0,0.0,0.0
96,Sergio Busquets,MF,es Spain,25.0,1988,2,2,180,2.0,0,0,0,0,0,0,0,0,5ab0ea87,0.0,0.0,0.0,0.0,0.0
97,Yohan Cabaye,MF,fr France,28.0,1986,4,4,316,3.5,0,0,0,0,0,0,2,0,ad7b19ef,0.0,0.0,0.0,0.0,0.0
98,Martín Cáceres,DF,uy Uruguay,27.0,1987,4,4,360,4.0,0,0,0,0,0,0,1,0,e94d79e3,0.0,0.0,0.0,0.0,0.0
99,Gary Cahill,DF,eng England,28.0,1985,3,3,270,3.0,0,0,0,0,0,0,0,0,7914b9fe,0.0,0.0,0.0,0.0,0.0
100,Tim Cahill,FW,au Australia,34.0,1979,2,2,158,1.8,2,0,2,2,0,0,2,0,e5a2dfc2,0.0,1.14,1.14,1.14,1.14
101,Felipe Caicedo,FW,ec Ecuador,25.0,1988,3,2,151,1.7,0,0,0,0,0,0,0,0,93b891d1,0.0,0.0,0.0,0.0,0.0
102,Geoff Cameron,DF,us United States,28.0,1985,3,3,300,3.3,0,0,0,0,0,0,1,0,1a160ea3,0.0,0.0,0.0,0.0,0.0
103,Hugo Campagnaro,DF,ar Argentina,33.0,1980,1,1,45,0.5,0,0,0,0,0,0,0,0,2ac01901,0.0,0.0,0.0,0.0,0.0
104,Joel Campbell,FW,cr Costa Rica,21.0,1992,5,5,412,4.6,1,1,2,1,0,0,0,0,895ff3ca,0.22,0.44,0.22,0.22,0.44
105,Antonio Candreva,FW,it Italy,27.0,1987,2,2,134,1.5,0,1,1,0,0,0,0,0,356c9002,0.67,0.67,0.0,0.0,0.67
106,Carlos Carbonero,MF,co Colombia,23.0,1990,1,0,45,0.5,0,0,0,0,0,0,0,0,11af1c57,0.0,0.0,0.0,0.0,0.0
107,Juan Carlos García,DF,hn Honduras,26.0,1988,2,1,135,1.5,0,0,0,0,0,0,0,0,764476b9,0.0,0.0,0.0,0.0,0.0
108,Juan Carlos Paredes,DF,ec Ecuador,26.0,1987,3,3,270,3.0,0,0,0,0,0,0,1,0,5d8c6afd,0.0,0.0,0.0,0.0,0.0
109,Carlos Carmona,MF,cl Chile,27.0,1987,1,0,3,0.0,0,0,0,0,0,0,0,0,12b9753e,0.0,0.0,0.0,0.0,0.0
110,Eduardo Carvalho,GK,pt Portugal,31.0,1982,1,0,2,0.0,0,0,0,0,0,0,0,0,81b906e7,0.0,0.0,0.0,0.0,0.0
111,William Carvalho,MF,pt Portugal,22.0,1992,2,1,135,1.5,0,0,0,0,0,0,0,0,dee86451,0.0,0.0,0.0,0.0,0.0
112,Iker Casillas,GK,es Spain,33.0,1981,2,2,180,2.0,0,0,0,0,0,0,1,0,1ddbb0da,0.0,0.0,0.0,0.0,0.0
113,Antonio Cassano,FW,it Italy,31.0,1982,2,0,65,0.7,0,0,0,0,0,0,0,0,d0ed4d32,0.0,0.0,0.0,0.0,0.0
114,Edinson Cavani,FW,uy Uruguay,27.0,1987,4,4,360,4.0,1,1,2,0,1,1,0,0,527f063d,0.25,0.5,0.25,0.0,0.25
115,Santi Cazorla,MF,es Spain,29.0,1984,2,1,82,0.9,0,0,0,0,0,0,0,0,e2e9c250,0.0,0.0,0.0,0.0,0.0
116,Alessio Cerci,FW,it Italy,26.0,1987,1,0,22,0.2,0,0,0,0,0,0,0,0,5370cba7,0.0,0.0,0.0,0.0,0.0
117,Júlio César,GK,br Brazil,34.0,1979,7,7,660,7.3,0,0,0,0,0,0,1,0,f619413f,0.0,0.0,0.0,0.0,0.0
118,Nacer Chadli,FW,be Belgium,24.0,1989,4,1,102,1.1,0,0,0,0,0,0,0,0,5b54bf3b,0.0,0.0,0.0,0.0,0.0
119,Marvin Chávez,FW,hn Honduras,30.0,1983,2,0,54,0.6,0,0,0,0,0,0,0,0,d3dd83f0,0.0,0.0,0.0,0.0,0.0
120,Osman Chávez,DF,hn Honduras,29.0,1984,1,0,45,0.5,0,0,0,0,0,0,0,0,3d9aac3d,0.0,0.0,0.0,0.0,0.0
121,Aurélien Chedjou,DF,cm Cameroon,28.0,1985,2,2,135,1.5,0,0,0,0,0,0,0,0,80e4c841,0.0,0.0,0.0,0.0,0.0
122,Giorgio Chiellini,DF,it Italy,29.0,1984,3,3,270,3.0,0,0,0,0,0,0,0,0,e85fb9b8,0.0,0.0,0.0,0.0,0.0
123,Lazaros Christodoulopoulos,FW,gr Greece,27.0,1986,2,2,210,2.3,0,0,0,0,0,0,0,0,f73abe54,0.0,0.0,0.0,0.0,0.0
124,Park Chu-young,FW,kr Korea Republic,28.0,1985,2,2,111,1.2,0,0,0,0,0,0,0,0,d9fa272a,0.0,0.0,0.0,0.0,0.0
125,Lee Chung-yong,FW,kr Korea Republic,25.0,1988,3,3,243,2.7,0,0,0,0,0,0,0,0,49b05a83,0.0,0.0,0.0,0.0,0.0
126,Jasper Cillessen,GK,nl Netherlands,25.0,1989,7,7,688,7.6,0,0,0,0,0,0,0,0,04ac8285,0.0,0.0,0.0,0.0,0.0
127,Jorge Claros,MF,hn Honduras,28.0,1986,3,2,213,2.4,0,0,0,0,0,0,0,0,a9df8baf,0.0,0.0,0.0,0.0,0.0
128,Jordy Clasie,MF,nl Netherlands,22.0,1991,2,1,148,1.6,0,0,0,0,0,0,0,0,31c01b85,0.0,0.0,0.0,0.0,0.0
129,Sebastián Coates,DF,uy Uruguay,23.0,1990,1,0,3,0.0,0,0,0,0,0,0,0,0,1fbbfbde,0.0,0.0,0.0,0.0,0.0
130,Fábio Coentrão,DF,pt Portugal,26.0,1988,1,1,64,0.7,0,0,0,0,0,0,0,0,0f8bd0a6,0.0,0.0,0.0,0.0,0.0
131,Vedran Ćorluka,DF,hr Croatia,28.0,1986,3,3,270,3.0,0,0,0,0,0,0,1,0,6ceef869,0.0,0.0,0.0,0.0,0.0
132,Diego Costa,FW,es Spain,25.0,1988,2,2,125,1.4,0,0,0,0,0,0,0,0,a190d597,0.0,0.0,0.0,0.0,0.0
133,Ricardo Costa,DF,pt Portugal,33.0,1981,2,1,135,1.5,0,0,0,0,0,0,0,0,cd7325e1,0.0,0.0,0.0,0.0,0.0
134,Carlo Costly,FW,hn Honduras,31.0,1982,3,3,219,2.4,1,0,1,1,0,0,0,0,2abf959a,0.0,0.41,0.41,0.41,0.41
135,Thibaut Courtois,GK,be Belgium,22.0,1992,5,5,480,5.3,0,0,0,0,0,0,0,0,1840e36d,0.0,0.0,0.0,0.0,0.0
136,Juan Cuadrado,DF,co Colombia,26.0,1988,5,5,384,4.3,1,4,5,0,1,1,0,0,0ab1f153,0.94,1.17,0.23,0.0,0.94
137,Dante,DF,br Brazil,30.0,1983,1,1,90,1.0,0,0,0,0,0,0,1,0,fd2bc67d,0.0,0.0,0.0,0.0,0.0
138,Matteo Darmian,DF,it Italy,24.0,1989,3,3,270,3.0,0,0,0,0,0,0,0,0,96e0490d,0.0,0.0,0.0,0.0,0.0
139,Fatau Dauda,GK,gh Ghana,29.0,1985,2,2,180,2.0,0,0,0,0,0,0,0,0,b7ec4136,0.0,0.0,0.0,0.0,0.0
140,Jason Davidson,DF,au Australia,22.0,1991,3,3,270,3.0,0,0,0,0,0,0,0,0,46bcd68d,0.0,0.0,0.0,0.0,0.0
141,Brad Davis,MF,us United States,32.0,1981,1,1,58,0.6,0,0,0,0,0,0,0,0,7adc9ea2,0.0,0.0,0.0,0.0,0.0
142,Kevin De Bruyne,FW,be Belgium,22.0,1991,4,4,390,4.3,1,2,3,1,0,0,0,0,e46012d4,0.46,0.69,0.23,0.23,0.69
143,Daniele De Rossi,DF,it Italy,30.0,1983,2,2,180,2.0,0,0,0,0,0,0,0,0,532d2690,0.0,0.0,0.0,0.0,0.0
144,Mattia De Sciglio,DF,it Italy,21.0,1992,1,1,90,1.0,0,0,0,0,0,0,1,0,ae4e2852,0.0,0.0,0.0,0.0,0.0
145,Mathieu Debuchy,DF,fr France,28.0,1985,4,4,360,4.0,0,0,0,0,0,0,0,0,92232aad,0.0,0.0,0.0,0.0,0.0
146,Steven Defour,MF,be Belgium,26.0,1988,1,1,43,0.5,0,0,0,0,0,0,0,1,73489527,0.0,0.0,0.0,0.0,0.0
147,Ashkan Dejagah,FW,ir IR Iran,27.0,1986,3,3,228,2.5,0,0,0,0,0,0,0,0,5171db60,0.0,0.0,0.0,0.0,0.0
148,Mousa Dembélé,MF,be Belgium,26.0,1987,2,2,154,1.7,0,0,0,0,0,0,1,0,f7ee69fb,0.0,0.0,0.0,0.0,0.0
149,Martín Demichelis,DF,ar Argentina,33.0,1980,3,3,330,3.7,0,0,0,0,0,0,1,0,e9c7102a,0.0,0.0,0.0,0.0,0.0
150,Clint Dempsey,FW,us United States,31.0,1983,4,4,386,4.3,2,0,2,2,0,0,0,0,523d9de6,0.0,0.47,0.47,0.47,0.47
151,Igor Denisov,MF,ru Russia,30.0,1984,2,0,64,0.7,0,0,0,0,0,0,0,0,fbb23472,0.0,0.0,0.0,0.0,0.0
152,Ángel Di María,FW,ar Argentina,26.0,1988,5,5,426,4.7,1,0,1,1,0,0,1,0,19cda00b,0.0,0.21,0.21,0.21,0.21
153,Júnior Díaz,DF,cr Costa Rica,30.0,1983,5,5,510,5.7,0,1,1,0,0,0,1,0,a83f301d,0.18,0.18,0.0,0.0,0.18
154,Marcelo Díaz,MF,cl Chile,27.0,1986,4,4,390,4.3,0,0,0,0,0,0,0,0,955b2e8a,0.0,0.0,0.0,0.0,0.0
155,Serey Die,MF,ci Côte d'Ivoire,29.0,1984,3,3,223,2.5,0,0,0,0,0,0,1,0,3c1b7c60,0.0,0.0,0.0,0.0,0.0
156,Lucas Digne,DF,fr France,20.0,1993,1,1,90,1.0,0,0,0,0,0,0,0,0,1b84dbe1,0.0,0.0,0.0,0.0,0.0
157,Ismaël Diomandé,MF,ci Côte d'Ivoire,21.0,1992,1,0,13,0.1,0,0,0,0,0,0,0,0,10650926,0.0,0.0,0.0,0.0,0.0
158,Abdelmoumene Djabou,MF,dz Algeria,27.0,1987,3,2,169,1.9,2,1,3,2,0,0,0,0,1618abe3,0.53,1.6,1.07,1.07,1.6
159,Constant Djakpa,DF,ci Côte d'Ivoire,27.0,1986,1,0,16,0.2,0,0,0,0,0,0,0,0,b3ed818e,0.0,0.0,0.0,0.0,0.0
160,Cédric Djeugoué,DF,cm Cameroon,21.0,1992,1,1,45,0.5,0,0,0,0,0,0,0,0,25f39524,0.0,0.0,0.0,0.0,0.0
161,Johan Djourou,DF,ch Switzerland,27.0,1987,4,4,390,4.3,0,0,0,0,0,0,1,0,b8673e18,0.0,0.0,0.0,0.0,0.0
162,Alexander Domínguez,GK,ec Ecuador,27.0,1987,3,3,270,3.0,0,0,0,0,0,0,0,0,84c22fa0,0.0,0.0,0.0,0.0,0.0
163,Ji Dong-won,FW,kr Korea Republic,23.0,1991,2,0,31,0.3,0,0,0,0,0,0,0,0,7d841904,0.0,0.0,0.0,0.0,0.0
164,Giovani dos Santos,FW,mx Mexico,25.0,1989,4,4,294,3.3,1,0,1,1,0,0,0,0,7dba6233,0.0,0.31,0.31,0.31,0.31
165,Julian Draxler,FW,de Germany,20.0,1993,1,0,15,0.2,0,0,0,0,0,0,0,0,1a992676,0.0,0.0,0.0,0.0,0.0
166,Josip Drmić,FW,ch Switzerland,21.0,1992,4,3,249,2.8,0,2,2,0,0,0,0,0,15ea94de,0.72,0.72,0.0,0.0,0.72
167,Didier Drogba,FW,ci Côte d'Ivoire,36.0,1978,3,1,137,1.5,0,0,0,0,0,0,1,0,945dea33,0.0,0.0,0.0,0.0,0.0
168,Óscar Duarte,DF,cr Costa Rica,25.0,1989,4,4,335,3.7,1,0,1,1,0,0,2,1,aa0ac32d,0.0,0.27,0.27,0.27,0.27
169,Alan Dzagoev,MF,ru Russia,23.0,1990,3,0,64,0.7,0,0,0,0,0,0,0,0,4c45cdc2,0.0,0.0,0.0,0.0,0.0
170,Edin Džeko,FW,ba Bosnia–Herz,28.0,1986,3,3,263,2.9,1,0,1,1,0,0,0,0,3bb7f478,0.0,0.34,0.34,0.34,0.34
171,Blerim Džemaili,MF,ch Switzerland,28.0,1986,3,0,57,0.6,1,0,1,1,0,0,0,0,756959aa,0.0,1.58,1.58,1.58,1.58
172,Éder,FW,pt Portugal,26.0,1987,3,1,206,2.3,0,0,0,0,0,0,0,0,f0fc9d0e,0.0,0.0,0.0,0.0,0.0
173,Emmanuel Emenike,FW,ng Nigeria,27.0,1987,4,4,360,4.0,0,2,2,0,0,0,0,0,df6bcd09,0.5,0.5,0.0,0.0,0.5
174,Yasuhito Endō,MF,jp Japan,34.0,1980,2,0,82,0.9,0,0,0,0,0,0,0,0,5b5420e2,0.0,0.0,0.0,0.0,0.0
175,Eyong Enoh,MF,cm Cameroon,28.0,1986,3,3,270,3.0,0,0,0,0,0,0,1,0,d3dcab48,0.0,0.0,0.0,0.0,0.0
176,Vincent Enyeama,GK,ng Nigeria,31.0,1982,4,4,360,4.0,0,0,0,0,0,0,0,0,62156b6a,0.0,0.0,0.0,0.0,0.0
177,Frickson Erazo,DF,ec Ecuador,26.0,1988,3,3,270,3.0,0,0,0,0,0,0,1,0,4ec7211b,0.0,0.0,0.0,0.0,0.0
178,Roger Espinoza,DF,hn Honduras,27.0,1986,3,3,225,2.5,0,0,0,0,0,0,0,0,60b7c195,0.0,0.0,0.0,0.0,0.0
179,Michael Essien,DF,gh Ghana,31.0,1982,1,0,20,0.2,0,0,0,0,0,0,0,0,d6577282,0.0,0.0,0.0,0.0,0.0
180,Samuel Eto'o,FW,cm Cameroon,33.0,1981,1,1,90,1.0,0,0,0,0,0,0,0,0,06420c93,0.0,0.0,0.0,0.0,0.0
181,Patrice Evra,DF,fr France,33.0,1981,4,4,360,4.0,0,1,1,0,0,0,1,0,51a3caf1,0.25,0.25,0.0,0.0,0.25
182,Marco Fabián,FW,mx Mexico,24.0,1989,3,0,44,0.5,0,0,0,0,0,0,0,0,e665a2db,0.0,0.0,0.0,0.0,0.0
183,Cesc Fàbregas,FW,es Spain,27.0,1987,2,0,36,0.4,0,1,1,0,0,0,0,0,33508c78,2.5,2.5,0.0,0.0,2.5
184,Viktor Fayzulin,MF,ru Russia,28.0,1986,3,3,270,3.0,0,0,0,0,0,0,0,0,5d5c8506,0.0,0.0,0.0,0.0,0.0
185,Sofiane Feghouli,FW,dz Algeria,24.0,1989,4,4,390,4.3,1,2,3,0,1,1,0,0,691f64f5,0.46,0.69,0.23,0.0,0.46
186,Marouane Fellaini,MF,be Belgium,26.0,1987,5,4,416,4.6,1,0,1,1,0,0,0,0,87575fd9,0.0,0.22,0.22,0.22,0.22
187,Leroy Fer,MF,nl Netherlands,24.0,1990,1,0,16,0.2,1,0,1,1,0,0,0,0,3cefa66a,0.0,5.63,5.63,5.63,5.63
188,Gelson Fernandes,MF,ch Switzerland,27.0,1986,1,0,55,0.6,0,0,0,0,0,0,1,0,8e58987d,0.0,0.0,0.0,0.0,0.0
189,Federico Fernández,DF,ar Argentina,25.0,1989,4,4,390,4.3,0,0,0,0,0,0,0,0,f25b010f,0.0,0.0,0.0,0.0,0.0
190,Fernandinho,DF,br Brazil,29.0,1985,5,3,296,3.3,1,0,1,1,0,0,1,0,101da2b5,0.0,0.3,0.3,0.3,0.3
191,Giannis Fetfatzidis,MF,gr Greece,23.0,1990,2,1,74,0.8,0,0,0,0,0,0,0,0,d04d34c4,0.0,0.0,0.0,0.0,0.0
192,Maynor Figueroa,DF,hn Honduras,31.0,1983,3,3,270,3.0,0,0,0,0,0,0,0,0,d8524b21,0.0,0.0,0.0,0.0,0.0
193,Diego Forlán,FW,uy Uruguay,35.0,1979,2,2,111,1.2,0,0,0,0,0,0,0,0,d87d0dfc,0.0,0.0,0.0,0.0,0.0
194,Ben Foster,GK,eng England,31.0,1983,1,1,90,1.0,0,0,0,0,0,0,0,0,d0b3ceb9,0.0,0.0,0.0,0.0,0.0
195,Ivan Franjic,DF,au Australia,26.0,1987,1,1,48,0.5,0,1,1,0,0,0,0,0,80b94fb9,1.87,1.87,0.0,0.0,1.87
196,Fred,FW,br Brazil,30.0,1983,6,6,471,5.2,1,0,1,1,0,0,0,0,acaeba74,0.0,0.19,0.19,0.19,0.19
197,Jorge Fucile,DF,uy Uruguay,29.0,1984,1,0,13,0.1,0,0,0,0,0,0,0,0,30ad0dc7,0.0,0.0,0.0,0.0,0.0
198,Reuben Gabriel,MF,ng Nigeria,23.0,1990,1,0,32,0.4,0,0,0,0,0,0,0,0,bc5ed7cb,0.0,0.0,0.0,0.0,0.0
199,Fernando Gago,MF,ar Argentina,28.0,1986,6,3,375,4.2,0,0,0,0,0,0,0,0,e86337bd,0.0,0.0,0.0,0.0,0.0
200,Cristian Gamboa,DF,cr Costa Rica,24.0,1989,5,5,424,4.7,0,0,0,0,0,0,0,0,f27680d9,0.0,0.0,0.0,0.0,0.0
201,Ezequiel Garay,DF,ar Argentina,27.0,1986,7,7,720,8.0,0,0,0,0,0,0,1,0,ac3fb1be,0.0,0.0,0.0,0.0,0.0
202,Boniek García,DF,hn Honduras,29.0,1984,3,2,202,2.2,0,0,0,0,0,0,1,0,889ce425,0.0,0.0,0.0,0.0,0.0
203,Walter Gargano,MF,uy Uruguay,29.0,1984,1,1,59,0.7,0,0,0,0,0,0,1,0,f7cb73ec,0.0,0.0,0.0,0.0,0.0
204,Luis Garrido,FW,hn Honduras,23.0,1990,2,2,160,1.8,0,0,0,0,0,0,1,0,b050ea25,0.0,0.0,0.0,0.0,0.0
205,Theofanis Gekas,FW,gr Greece,34.0,1980,4,1,184,2.0,0,0,0,0,0,0,0,0,244bc211,0.0,0.0,0.0,0.0,0.0
206,Steven Gerrard,MF,eng England,34.0,1980,3,2,198,2.2,0,0,0,0,0,0,1,0,caeb5442,0.0,0.0,0.0,0.0,0.0
207,Gervinho,FW,ci Côte d'Ivoire,27.0,1987,3,3,262,2.9,2,1,3,2,0,0,0,0,e468c053,0.34,1.03,0.69,0.69,1.03
208,Nabil Ghilas,FW,dz Algeria,24.0,1990,3,0,39,0.4,0,0,0,0,0,0,1,0,cee627f6,0.0,0.0,0.0,0.0,0.0
209,Reza Ghoochannejad,FW,ir IR Iran,26.0,1987,3,3,270,3.0,1,0,1,1,0,0,0,0,b1f31e45,0.0,0.33,0.33,0.33,0.33
210,Faouzi Ghoulam,DF,dz Algeria,23.0,1991,2,2,210,2.3,0,0,0,0,0,0,0,0,c5adc293,0.0,0.0,0.0,0.0,0.0
211,Olivier Giroud,FW,fr France,27.0,1986,5,2,166,1.8,1,1,2,1,0,0,0,0,16ceb862,0.54,1.08,0.54,0.54,1.08
212,Denis Glushakov,MF,ru Russia,27.0,1987,3,3,206,2.3,0,0,0,0,0,0,1,0,c67b8590,0.0,0.0,0.0,0.0,0.0
213,Panagiotis Glykos,GK,gr Greece,27.0,1986,1,0,67,0.7,0,0,0,0,0,0,0,0,470eb063,0.0,0.0,0.0,0.0,0.0
214,Diego Godín,DF,uy Uruguay,28.0,1986,4,4,360,4.0,1,0,1,1,0,0,2,0,fc4f85b1,0.0,0.25,0.25,0.25,0.25
215,Álvaro González,MF,uy Uruguay,29.0,1984,4,3,264,2.9,0,0,0,0,0,0,0,0,873b892d,0.0,0.0,0.0,0.0,0.0
216,Giancarlo González,DF,cr Costa Rica,26.0,1988,5,5,510,5.7,0,0,0,0,0,0,2,0,117beb8f,0.0,0.0,0.0,0.0,0.0
217,Omar Gonzalez,DF,us United States,25.0,1988,3,2,211,2.3,0,0,0,0,0,0,1,0,0d2fe665,0.0,0.0,0.0,0.0,0.0
218,Mario Götze,FW,de Germany,22.0,1992,6,3,259,2.9,2,0,2,2,0,0,0,0,9efa1d25,0.0,0.69,0.69,0.69,0.69
219,Max Gradel,FW,ci Côte d'Ivoire,26.0,1987,1,1,66,0.7,0,0,0,0,0,0,0,0,c5a500ca,0.0,0.0,0.0,0.0,0.0
220,Julian Green,FW,us United States,19.0,1995,1,0,16,0.2,1,0,1,1,0,0,0,0,ad1d6fa4,0.0,5.63,5.63,5.63,5.63
221,Antoine Griezmann,FW,fr France,23.0,1991,5,3,296,3.3,0,0,0,0,0,0,0,0,df69b544,0.0,0.0,0.0,0.0,0.0
222,Carlos Gruezo,MF,ec Ecuador,19.0,1995,2,1,98,1.1,0,0,0,0,0,0,0,0,f2dd9a21,0.0,0.0,0.0,0.0,0.0
223,Jorge Guagua,DF,ec Ecuador,32.0,1981,3,3,270,3.0,0,0,0,0,0,0,0,0,29f79bb0,0.0,0.0,0.0,0.0,0.0
224,Andrés Guardado,DF,mx Mexico,27.0,1986,4,4,331,3.7,1,0,1,1,0,0,1,0,ef322658,0.0,0.27,0.27,0.27,0.27
225,Fredy Guarín,MF,co Colombia,27.0,1986,3,2,190,2.1,0,0,0,0,0,0,1,0,c36ef7e9,0.0,0.0,0.0,0.0,0.0
226,Luiz Gustavo,DF,br Brazil,26.0,1987,6,6,525,5.8,0,1,1,0,0,0,2,0,82671804,0.17,0.17,0.0,0.0,0.17
227,Felipe Gutiérrez,MF,cl Chile,23.0,1990,4,1,167,1.9,0,0,0,0,0,0,0,0,80ae314a,0.0,0.0,0.0,0.0,0.0
228,Teófilo Gutiérrez,FW,co Colombia,29.0,1985,4,4,301,3.3,1,1,2,1,0,0,0,0,165afe13,0.3,0.6,0.3,0.3,0.6
229,Jonathan de Guzmán,MF,nl Netherlands,26.0,1987,3,3,228,2.5,0,1,1,0,0,0,2,0,1bcca8b8,0.39,0.39,0.0,0.0,0.39
230,Asamoah Gyan,FW,gh Ghana,28.0,1985,3,3,270,3.0,2,1,3,2,0,0,0,0,7f7bbbc2,0.33,1.0,0.67,0.67,1.0
231,Anel Hadžić,DF,ba Bosnia–Herz,24.0,1989,1,1,60,0.7,0,0,0,0,0,0,0,0,e556a911,0.0,0.0,0.0,0.0,0.0
232,Alireza Haghighi,GK,ir IR Iran,26.0,1988,3,3,270,3.0,0,0,0,0,0,0,0,0,a6c2a6ac,0.0,0.0,0.0,0.0,0.0
233,Reza Haghighi,MF,ir IR Iran,25.0,1989,1,0,3,0.0,0,0,0,0,0,0,0,0,c1c4bef8,0.0,0.0,0.0,0.0,0.0
234,Izet Hajrović,MF,ba Bosnia–Herz,22.0,1991,2,2,126,1.4,0,0,0,0,0,0,0,0,55537f53,0.0,0.0,0.0,0.0,0.0
235,Ehsan Hajsafi,DF,ir IR Iran,24.0,1990,3,3,239,2.7,0,0,0,0,0,0,0,0,b060e3b8,0.0,0.0,0.0,0.0,0.0
236,Rafik Halliche,DF,dz Algeria,27.0,1986,4,4,366,4.1,1,0,1,1,0,0,1,0,ecb2f4e3,0.0,0.25,0.25,0.25,0.25
237,Ben Halloran,FW,au Australia,22.0,1992,3,0,90,1.0,0,0,0,0,0,0,0,0,64c588cd,0.0,0.0,0.0,0.0,0.0
238,Joe Hart,GK,eng England,27.0,1987,2,2,180,2.0,0,0,0,0,0,0,0,0,cb4f24c6,0.0,0.0,0.0,0.0,0.0
239,Makoto Hasebe,DF,jp Japan,30.0,1984,3,3,188,2.1,0,0,0,0,0,0,1,0,9ab16552,0.0,0.0,0.0,0.0,0.0
240,Eden Hazard,FW,be Belgium,23.0,1991,5,4,367,4.1,0,2,2,0,0,0,1,0,a39bb753,0.49,0.49,0.0,0.0,0.49
241,Jordan Henderson,MF,eng England,23.0,1990,2,2,160,1.8,0,0,0,0,0,0,0,0,935e6b8f,0.0,0.0,0.0,0.0,0.0
242,Henrique,DF,br Brazil,27.0,1986,1,0,3,0.0,0,0,0,0,0,0,0,0,429163de,0.0,0.0,0.0,0.0,0.0
243,Abel Hernández,FW,uy Uruguay,23.0,1990,2,0,39,0.4,0,0,0,0,0,0,0,0,a36da810,0.0,0.0,0.0,0.0,0.0
244,Javier Hernández,FW,mx Mexico,26.0,1988,4,0,79,0.9,1,0,1,1,0,0,0,0,189cee7b,0.0,1.14,1.14,1.14,1.14
245,Hernanes,MF,br Brazil,29.0,1985,3,0,67,0.7,0,0,0,0,0,0,0,0,cfc2ee72,0.0,0.0,0.0,0.0,0.0
246,Héctor Herrera,MF,mx Mexico,24.0,1990,4,4,344,3.8,0,1,1,0,0,0,0,0,a8542814,0.26,0.26,0.0,0.0,0.26
247,Son Heung-min,FW,kr Korea Republic,21.0,1992,3,3,245,2.7,1,0,1,1,0,0,1,0,92e7e919,0.0,0.37,0.37,0.37,0.37
248,Khosro Heydari,DF,ir IR Iran,30.0,1983,3,1,148,1.6,0,0,0,0,0,0,0,0,2b827052,0.0,0.0,0.0,0.0,0.0
249,Gonzalo Higuaín,FW,ar Argentina,26.0,1987,7,6,568,6.3,1,1,2,1,0,0,0,0,8a08491a,0.16,0.32,0.16,0.16,0.32
250,José Holebas,DF,gr Greece,29.0,1984,4,4,390,4.3,0,0,0,0,0,0,0,0,12aa7661,0.0,0.0,0.0,0.0,0.0
251,Keisuke Honda,FW,jp Japan,28.0,1986,3,3,270,3.0,1,1,2,1,0,0,0,0,5cfc82a1,0.33,0.67,0.33,0.33,0.67
252,Amir Hossein Sadeghi,DF,ir IR Iran,32.0,1981,3,3,270,3.0,0,0,0,0,0,0,0,0,705fcf79,0.0,0.0,0.0,0.0,0.0
253,Jalal Hosseini,DF,ir IR Iran,32.0,1982,3,3,270,3.0,0,0,0,0,0,0,0,0,f2d31a1b,0.0,0.0,0.0,0.0,0.0
254,Tim Howard,GK,us United States,35.0,1979,4,4,390,4.3,0,0,0,0,0,0,0,0,c444465e,0.0,0.0,0.0,0.0,0.0
255,Benedikt Höwedes,DF,de Germany,26.0,1988,7,7,690,7.7,0,1,1,0,0,0,2,0,d5c04323,0.13,0.13,0.0,0.0,0.13
256,Hulk,FW,br Brazil,27.0,1986,6,5,394,4.4,0,0,0,0,0,0,1,0,33a1f72e,0.0,0.0,0.0,0.0,0.0
257,Mats Hummels,DF,de Germany,25.0,1988,6,6,507,5.6,2,0,2,2,0,0,0,0,05d548d8,0.0,0.36,0.36,0.36,0.36
258,Klaas-Jan Huntelaar,FW,nl Netherlands,30.0,1983,3,0,55,0.6,1,1,2,0,1,1,2,0,5042e5c2,1.64,3.27,1.64,0.0,1.64
259,Víctor Ibarbo,FW,co Colombia,24.0,1990,3,3,187,2.1,0,0,0,0,0,0,0,0,552d1e41,0.0,0.0,0.0,0.0,0.0
260,Renato Ibarra,FW,ec Ecuador,23.0,1991,1,0,28,0.3,0,0,0,0,0,0,0,0,f2f06df9,0.0,0.0,0.0,0.0,0.0
261,Vedad Ibišević,FW,ba Bosnia–Herz,29.0,1984,3,1,146,1.6,1,0,1,1,0,0,0,0,c3fd9887,0.0,0.62,0.62,0.62,0.62
262,Sergei Ignashevich,DF,ru Russia,34.0,1979,3,3,270,3.0,0,0,0,0,0,0,0,0,04f2ed4d,0.0,0.0,0.0,0.0,0.0
263,Ciro Immobile,FW,it Italy,24.0,1990,2,1,88,1.0,0,0,0,0,0,0,0,0,4431aed2,0.0,0.0,0.0,0.0,0.0
264,Andrés Iniesta,MF,es Spain,30.0,1984,3,3,270,3.0,0,1,1,0,0,0,0,0,cfd65a29,0.33,0.33,0.0,0.0,0.33
265,Gökhan Inler,MF,ch Switzerland,29.0,1984,4,4,390,4.3,0,1,1,0,0,0,0,0,3200c583,0.23,0.23,0.0,0.0,0.23
266,Lorenzo Insigne,FW,it Italy,23.0,1991,1,0,34,0.4,0,0,0,0,0,0,0,0,2f557579,0.0,0.0,0.0,0.0,0.0
267,Mauricio Isla,DF,cl Chile,26.0,1988,4,4,390,4.3,0,0,0,0,0,0,0,0,de4517dd,0.0,0.0,0.0,0.0,0.0
268,Charles Itandje,GK,cm Cameroon,31.0,1982,3,3,270,3.0,0,0,0,0,0,0,0,0,a73f9653,0.0,0.0,0.0,0.0,0.0
269,Emilio Izaguirre,DF,hn Honduras,28.0,1986,2,2,135,1.5,0,0,0,0,0,0,0,0,56923ba9,0.0,0.0,0.0,0.0,0.0
270,Koo Ja-cheol,MF,kr Korea Republic,25.0,1989,3,3,270,3.0,1,0,1,1,0,0,1,0,3c05e082,0.0,0.33,0.33,0.33,0.33
271,Phil Jagielka,DF,eng England,31.0,1982,2,2,180,2.0,0,0,0,0,0,0,0,0,3233eefd,0.0,0.0,0.0,0.0,0.0
272,Alireza Jahanbakhsh,FW,ir IR Iran,20.0,1993,3,0,47,0.5,0,0,0,0,0,0,0,0,08452314,0.0,0.0,0.0,0.0,0.0
273,Daryl Janmaat,DF,nl Netherlands,24.0,1989,5,3,366,4.1,0,2,2,0,0,0,0,0,45da6694,0.49,0.49,0.0,0.0,0.49
274,Adnan Januzaj,FW,be Belgium,19.0,1995,1,1,59,0.7,0,0,0,0,0,0,0,0,4737cebe,0.0,0.0,0.0,0.0,0.0
275,Gonzalo Jara,DF,cl Chile,28.0,1985,4,4,390,4.3,0,0,0,0,0,0,0,0,9b1b4782,0.0,0.0,0.0,0.0,0.0
276,Francisco Javier Rodríguez,DF,mx Mexico,32.0,1981,4,4,360,4.0,0,0,0,0,0,0,0,0,f913875f,0.0,0.0,0.0,0.0,0.0
277,Mile Jedinak,MF,au Australia,29.0,1984,3,3,270,3.0,1,0,1,0,1,1,2,0,22fd2214,0.0,0.33,0.33,0.0,0.0
278,Nikica Jelavić,FW,hr Croatia,28.0,1985,2,1,94,1.0,0,0,0,0,0,0,0,0,1a29f38c,0.0,0.0,0.0,0.0,0.0
279,Hong Jeong-ho,DF,kr Korea Republic,24.0,1989,3,3,251,2.8,0,0,0,0,0,0,1,0,f2fb78a6,0.0,0.0,0.0,0.0,0.0
280,Raúl Jiménez,FW,mx Mexico,23.0,1991,1,0,7,0.1,0,0,0,0,0,0,0,0,b561db50,0.0,0.0,0.0,0.0,0.0
281,Jô,FW,br Brazil,27.0,1987,3,1,168,1.9,0,0,0,0,0,0,1,0,e47d11f8,0.0,0.0,0.0,0.0,0.0
282,Aron Jóhannsson,FW,us United States,23.0,1990,1,0,68,0.8,0,0,0,0,0,0,0,0,c0dc9fc7,0.0,0.0,0.0,0.0,0.0
283,Fabian Johnson,DF,us United States,26.0,1987,4,4,301,3.3,0,0,0,0,0,0,0,0,76e5da9d,0.0,0.0,0.0,0.0,0.0
284,Glen Johnson,DF,eng England,29.0,1984,2,2,180,2.0,0,1,1,0,0,0,0,0,8cceca90,0.5,0.5,0.0,0.0,0.5
285,Jermaine Jones,MF,us United States,32.0,1981,4,4,390,4.3,1,1,2,1,0,0,1,0,0c577541,0.23,0.46,0.23,0.23,0.46
286,Phil Jones,DF,eng England,22.0,1992,1,1,90,1.0,0,0,0,0,0,0,0,0,def899bd,0.0,0.0,0.0,0.0,0.0
287,Nigel de Jong,MF,nl Netherlands,29.0,1984,5,5,339,3.8,0,0,0,0,0,0,0,0,a0e209bc,0.0,0.0,0.0,0.0,0.0
288,José Juan Vázquez,MF,mx Mexico,26.0,1988,3,3,270,3.0,0,0,0,0,0,0,2,0,35fd6633,0.0,0.0,0.0,0.0,0.0
289,Juanfran,DF,es Spain,29.0,1985,1,1,90,1.0,0,1,1,0,0,0,0,0,cfd8d664,1.0,1.0,0.0,0.0,1.0
290,Shinji Kagawa,FW,jp Japan,25.0,1989,3,2,203,2.3,0,0,0,0,0,0,0,0,5afafbfe,0.0,0.0,0.0,0.0,0.0
291,Yoichiro Kakitani,FW,jp Japan,24.0,1990,2,0,27,0.3,0,0,0,0,0,0,0,0,2c01572f,0.0,0.0,0.0,0.0,0.0
292,Salomon Kalou,FW,ci Côte d'Ivoire,28.0,1985,3,2,204,2.3,0,0,0,0,0,0,1,0,2042d931,0.0,0.0,0.0,0.0,0.0
293,Maksim Kanunnikov,FW,ru Russia,22.0,1991,2,1,100,1.1,0,0,0,0,0,0,0,0,f2fa26f4,0.0,0.0,0.0,0.0,0.0
294,Giorgos Karagounis,MF,gr Greece,37.0,1977,4,2,260,2.9,0,0,0,0,0,0,0,0,ed2192d0,0.0,0.0,0.0,0.0,0.0
295,Orestis Karnezis,GK,gr Greece,28.0,1985,4,4,323,3.6,0,0,0,0,0,0,0,0,85b011bb,0.0,0.0,0.0,0.0,0.0
296,Kostas Katsouranis,DF,gr Greece,34.0,1979,3,2,170,1.9,0,0,0,0,0,0,2,1,46ee1669,0.0,0.0,0.0,0.0,0.0
297,Eiji Kawashima,GK,jp Japan,31.0,1983,3,3,270,3.0,0,0,0,0,0,0,0,0,a4527d33,0.0,0.0,0.0,0.0,0.0
298,Aleksandr Kerzhakov,FW,ru Russia,31.0,1982,3,1,101,1.1,1,0,1,1,0,0,0,0,e8cb6c66,0.0,0.89,0.89,0.89,0.89
299,Lee Keun-ho,FW,kr Korea Republic,29.0,1985,3,0,107,1.2,1,1,2,1,0,0,0,0,014d6c6d,0.84,1.68,0.84,0.84,1.68
300,Sami Khedira,MF,de Germany,27.0,1987,5,4,374,4.2,1,1,2,1,0,0,1,0,38ac43d3,0.24,0.48,0.24,0.24,0.48
301,Hiroshi Kiyotake,FW,jp Japan,24.0,1989,1,0,6,0.1,0,0,0,0,0,0,0,0,0dba1f3e,0.0,0.0,0.0,0.0,0.0
302,Miroslav Klose,FW,de Germany,36.0,1978,5,3,279,3.1,2,0,2,2,0,0,0,0,5e36a0dd,0.0,0.65,0.65,0.65,0.65
303,Koke,MF,es Spain,22.0,1992,2,1,135,1.5,0,0,0,0,0,0,0,0,55126f3b,0.0,0.0,0.0,0.0,0.0
304,Aleksandr Kokorin,FW,ru Russia,23.0,1991,3,3,270,3.0,1,0,1,1,0,0,0,0,fec5accc,0.0,0.33,0.33,0.33,0.33
305,Sead Kolašinac,DF,ba Bosnia–Herz,20.0,1993,2,2,180,2.0,0,0,0,0,0,0,0,0,3935e52e,0.0,0.0,0.0,0.0,0.0
306,Dmitri Kombarov,DF,ru Russia,27.0,1987,3,3,270,3.0,0,1,1,0,0,0,1,0,6d3f2898,0.33,0.33,0.0,0.0,0.33
307,Vincent Kompany,DF,be Belgium,28.0,1986,4,4,390,4.3,0,0,0,0,0,0,1,0,d2bff301,0.0,0.0,0.0,0.0,0.0
308,Panagiotis Kone,MF,gr Greece,26.0,1987,3,3,168,1.9,0,0,0,0,0,0,0,0,27d34558,0.0,0.0,0.0,0.0,0.0
309,Terence Kongolo,DF,nl Netherlands,20.0,1994,1,0,2,0.0,0,0,0,0,0,0,0,0,1f9a3a04,0.0,0.0,0.0,0.0,0.0
310,Yasuyuki Konno,DF,jp Japan,31.0,1983,2,2,180,2.0,0,0,0,0,0,0,1,0,b2f008c5,0.0,0.0,0.0,0.0,0.0
311,Han Kook-young,MF,kr Korea Republic,24.0,1990,3,3,212,2.4,0,1,1,0,0,0,1,0,ab1ada74,0.42,0.42,0.0,0.0,0.42
312,Laurent Koscielny,DF,fr France,28.0,1985,4,2,224,2.5,0,0,0,0,0,0,0,0,f5efb153,0.0,0.0,0.0,0.0,0.0
313,Mateo Kovačić,MF,hr Croatia,20.0,1994,3,1,112,1.2,0,0,0,0,0,0,0,0,79c0821a,0.0,0.0,0.0,0.0,0.0
314,Aleksei Kozlov,DF,ru Russia,27.0,1986,2,2,151,1.7,0,0,0,0,0,0,1,0,4791344b,0.0,0.0,0.0,0.0,0.0
315,Christoph Kramer,MF,de Germany,23.0,1991,3,1,44,0.5,0,0,0,0,0,0,0,0,496aeede,0.0,0.0,0.0,0.0,0.0
316,Toni Kroos,MF,de Germany,24.0,1990,7,7,689,7.7,2,3,5,2,0,0,0,0,6ce1f46f,0.39,0.65,0.26,0.26,0.65
317,Tim Krul,GK,nl Netherlands,26.0,1988,1,0,1,0.0,0,0,0,0,0,0,0,0,f23f9d20,0.0,0.0,0.0,0.0,0.0
318,Dirk Kuyt,DF,nl Netherlands,33.0,1980,5,5,508,5.6,0,0,0,0,0,0,0,0,cd53ecf4,0.0,0.0,0.0,0.0,0.0
319,Mehdi Lacen,MF,dz Algeria,30.0,1984,3,1,154,1.7,0,0,0,0,0,0,0,0,a3a306f6,0.0,0.0,0.0,0.0,0.0
320,Philipp Lahm,DF,de Germany,30.0,1983,7,7,690,7.7,0,2,2,0,0,0,1,0,de491a33,0.26,0.26,0.0,0.0,0.26
321,Adam Lallana,FW,eng England,26.0,1988,3,1,92,1.0,0,0,0,0,0,0,1,0,99813635,0.0,0.0,0.0,0.0,0.0
322,Rickie Lambert,FW,eng England,32.0,1982,1,0,2,0.0,0,0,0,0,0,0,0,0,495de82c,0.0,0.0,0.0,0.0,0.0
323,Frank Lampard,MF,eng England,35.0,1978,1,1,90,1.0,0,0,0,0,0,0,0,0,268df6b1,0.0,0.0,0.0,0.0,0.0
324,Michael Lang,DF,ch Switzerland,23.0,1991,1,0,14,0.2,0,0,0,0,0,0,0,0,864db10a,0.0,0.0,0.0,0.0,0.0
325,Adam Larsen Kwarasey,GK,gh Ghana,26.0,1987,1,1,90,1.0,0,0,0,0,0,0,0,0,7c6eed78,0.0,0.0,0.0,0.0,0.0
326,Ezequiel Lavezzi,FW,ar Argentina,29.0,1985,6,4,354,3.9,0,1,1,0,0,0,0,0,6d6456d7,0.25,0.25,0.0,0.0,0.25
327,Miguel Layún,DF,mx Mexico,25.0,1988,4,4,360,4.0,0,0,0,0,0,0,0,0,ad6295d4,0.0,0.0,0.0,0.0,0.0
328,Mathew Leckie,FW,au Australia,23.0,1991,3,3,270,3.0,0,0,0,0,0,0,0,0,b93b7882,0.0,0.0,0.0,0.0,0.0
329,Jeremain Lens,FW,nl Netherlands,26.0,1987,4,1,129,1.4,0,0,0,0,0,0,0,0,6f1721f0,0.0,0.0,0.0,0.0,0.0
330,Stephan Lichtsteiner,DF,ch Switzerland,30.0,1984,4,4,390,4.3,0,1,1,0,0,0,0,0,99b1d0e6,0.23,0.23,0.0,0.0,0.23
331,Hugo Lloris,GK,fr France,27.0,1986,5,5,450,5.0,0,0,0,0,0,0,0,0,8f62b6ee,0.0,0.0,0.0,0.0,0.0
332,Nicolás Lodeiro,MF,uy Uruguay,25.0,1989,3,2,142,1.6,0,0,0,0,0,0,0,0,fe81d0d1,0.0,0.0,0.0,0.0,0.0
333,Nicolas Lombaerts,DF,be Belgium,29.0,1985,1,1,90,1.0,0,0,0,0,0,0,0,0,65fd5556,0.0,0.0,0.0,0.0,0.0
334,Dejan Lovren,DF,hr Croatia,24.0,1989,3,3,270,3.0,0,0,0,0,0,0,1,0,1a2935f6,0.0,0.0,0.0,0.0,0.0
335,Diego Lugano,DF,uy Uruguay,33.0,1980,1,1,90,1.0,0,0,0,0,0,0,2,0,303ad7c3,0.0,0.0,0.0,0.0,0.0
336,David Luiz,DF,br Brazil,27.0,1987,7,7,660,7.3,2,1,3,2,0,0,0,0,c0e27d1a,0.14,0.41,0.27,0.27,0.41
337,Romelu Lukaku,FW,be Belgium,21.0,1993,4,2,175,1.9,1,0,1,1,0,0,0,0,5eae500a,0.0,0.51,0.51,0.51,0.51
338,Senad Lulić,DF,ba Bosnia–Herz,28.0,1986,2,2,147,1.6,0,1,1,0,0,0,0,0,7fd58fe3,0.61,0.61,0.0,0.0,0.61
339,Raïs M'Bolhi,GK,dz Algeria,28.0,1986,4,4,390,4.3,0,0,0,0,0,0,0,0,c121a641,0.0,0.0,0.0,0.0,0.0
340,Riyad Mahrez,FW,dz Algeria,23.0,1991,1,1,70,0.8,0,0,0,0,0,0,0,0,892d5bb1,0.0,0.0,0.0,0.0,0.0
341,Abdul Majeed Waris,FW,gh Ghana,22.0,1991,1,1,70,0.8,0,0,0,0,0,0,1,0,46907171,0.0,0.0,0.0,0.0,0.0
342,Jean Makoun,MF,cm Cameroon,31.0,1983,1,0,10,0.1,0,0,0,0,0,0,0,0,728c9139,0.0,0.0,0.0,0.0,0.0
343,Aïssa Mandi,DF,dz Algeria,22.0,1991,3,3,300,3.3,0,0,0,0,0,0,0,0,fbd6378b,0.0,0.0,0.0,0.0,0.0
344,Mario Mandžukić,FW,hr Croatia,28.0,1986,2,2,180,2.0,2,0,2,2,0,0,0,0,afa0d4e0,0.0,1.0,1.0,1.0,1.0
345,Giannis Maniatis,DF,gr Greece,27.0,1986,4,4,347,3.9,0,0,0,0,0,0,0,0,17ba757b,0.0,0.0,0.0,0.0,0.0
346,Kostas Manolas,DF,gr Greece,23.0,1991,4,4,390,4.3,0,0,0,0,0,0,1,0,c707411f,0.0,0.0,0.0,0.0,0.0
347,Marcelo,DF,br Brazil,26.0,1988,6,6,570,6.3,0,2,2,0,0,0,0,0,603116a7,0.32,0.32,0.0,0.0,0.32
348,Claudio Marchisio,MF,it Italy,28.0,1986,3,3,216,2.4,1,0,1,1,0,0,0,1,e304acd5,0.0,0.42,0.42,0.42,0.42
349,José María Basanta,DF,ar Argentina,30.0,1984,2,1,106,1.2,0,0,0,0,0,0,0,0,d6696790,0.0,0.0,0.0,0.0,0.0
350,José María Giménez,DF,uy Uruguay,19.0,1995,3,3,270,3.0,0,0,0,0,0,0,1,0,f0da930c,0.0,0.0,0.0,0.0,0.0
351,Rafael Márquez,DF,mx Mexico,35.0,1979,4,4,360,4.0,1,1,2,1,0,0,2,0,ce067ffe,0.25,0.5,0.25,0.25,0.5
352,Jackson Martínez,FW,co Colombia,27.0,1986,3,2,195,2.2,2,0,2,2,0,0,0,0,89fbacc3,0.0,0.92,0.92,0.92,0.92
353,Javi Martínez,DF,es Spain,25.0,1988,1,1,90,1.0,0,0,0,0,0,0,0,0,7f97771d,0.0,0.0,0.0,0.0,0.0
354,Mario Martínez,MF,hn Honduras,24.0,1989,1,0,20,0.2,0,0,0,0,0,0,0,0,8fadbe79,0.0,0.0,0.0,0.0,0.0
355,Bruno Martins Indi,DF,nl Netherlands,22.0,1992,6,5,456,5.1,0,0,0,0,0,0,2,0,7bc34048,0.0,0.0,0.0,0.0,0.0
356,Javier Mascherano,DF,ar Argentina,30.0,1984,7,7,720,8.0,0,0,0,0,0,0,1,0,5070881b,0.0,0.0,0.0,0.0,0.0
357,Juan Mata,FW,es Spain,26.0,1988,1,0,35,0.4,1,0,1,1,0,0,0,0,29733c72,0.0,2.57,2.57,2.57,2.57
358,Joël Matip,DF,cm Cameroon,22.0,1991,2,2,180,2.0,1,0,1,1,0,0,0,0,b217ef29,0.0,0.5,0.5,0.5,0.5
359,Blaise Matuidi,MF,fr France,27.0,1987,5,5,426,4.7,1,0,1,1,0,0,1,0,c0cddebe,0.0,0.21,0.21,0.21,0.21
360,Rio Mavuba,MF,fr France,30.0,1984,1,0,26,0.3,0,0,0,0,0,0,0,0,48c16bf5,0.0,0.0,0.0,0.0,0.0
361,Eric Maxim Choupo-Moting,FW,cm Cameroon,25.0,1989,3,3,244,2.7,0,0,0,0,0,0,0,0,0e6bc38c,0.0,0.0,0.0,0.0,0.0
362,Maxwell,DF,br Brazil,32.0,1981,1,1,90,1.0,0,0,0,0,0,0,0,0,6f08cece,0.0,0.0,0.0,0.0,0.0
363,Stéphane Mbia,DF,cm Cameroon,28.0,1986,3,3,270,3.0,0,0,0,0,0,0,1,0,c39d9657,0.0,0.0,0.0,0.0,0.0
364,Ryan McGowan,DF,au Australia,24.0,1989,3,2,222,2.5,0,1,1,0,0,0,0,0,8935480f,0.41,0.41,0.0,0.0,0.41
365,Matt McKay,DF,au Australia,31.0,1983,2,2,180,2.0,0,0,0,0,0,0,0,0,044587de,0.0,0.0,0.0,0.0,0.0
366,Gary Medel,DF,cl Chile,26.0,1987,4,4,377,4.2,0,0,0,0,0,0,0,0,563a68ad,0.0,0.0,0.0,0.0,0.0
367,Carl Medjani,DF,dz Algeria,29.0,1985,3,3,263,2.9,0,1,1,0,0,0,0,0,70c2f41a,0.34,0.34,0.0,0.0,0.34
368,Haris Medunjanin,MF,ba Bosnia–Herz,29.0,1985,2,1,80,0.9,0,0,0,0,0,0,1,0,de5d5d41,0.0,0.0,0.0,0.0,0.0
369,Admir Mehmedi,FW,ch Switzerland,23.0,1991,4,3,337,3.7,1,0,1,1,0,0,0,0,b500b384,0.0,0.27,0.27,0.27,0.27
370,Raul Meireles,MF,pt Portugal,31.0,1983,2,2,159,1.8,0,0,0,0,0,0,0,0,e767cd27,0.0,0.0,0.0,0.0,0.0
371,Alexander Mejía,MF,co Colombia,25.0,1988,4,1,147,1.6,0,0,0,0,0,0,0,0,ab365692,0.0,0.0,0.0,0.0,0.0
372,Memphis,FW,nl Netherlands,20.0,1994,4,1,178,2.0,2,1,3,2,0,0,0,0,8f696594,0.51,1.52,1.01,1.01,1.52
373,Eugenio Mena,DF,cl Chile,25.0,1988,4,4,390,4.3,0,0,0,0,0,0,2,0,45ef7845,0.0,0.0,0.0,0.0,0.0
374,Édison Méndez,MF,ec Ecuador,35.0,1979,1,0,9,0.1,0,0,0,0,0,0,0,0,28d57df1,0.0,0.0,0.0,0.0,0.0
375,Jonathan Mensah,DF,gh Ghana,23.0,1990,3,3,270,3.0,0,0,0,0,0,0,0,0,8087e6cb,0.0,0.0,0.0,0.0,0.0
376,Dries Mertens,FW,be Belgium,27.0,1987,5,3,269,3.0,1,0,1,1,0,0,0,0,89b2c8a9,0.0,0.33,0.33,0.33,0.33
377,Per Mertesacker,DF,de Germany,29.0,1984,6,4,436,4.8,0,0,0,0,0,0,0,0,5be28712,0.0,0.0,0.0,0.0,0.0
378,Djamel Mesbah,DF,dz Algeria,29.0,1984,2,2,180,2.0,0,0,0,0,0,0,1,0,72158162,0.0,0.0,0.0,0.0,0.0
379,Lionel Messi,FW,ar Argentina,26.0,1987,7,7,692,7.7,4,1,5,4,0,0,0,0,d70ce98e,0.13,0.65,0.52,0.52,0.65
380,José Miguel Cubero,MF,cr Costa Rica,27.0,1987,4,0,119,1.3,0,0,0,0,0,0,1,0,ebe91c17,0.0,0.0,0.0,0.0,0.0
381,Roy Miller,DF,cr Costa Rica,29.0,1984,1,1,90,1.0,0,0,0,0,0,0,0,0,5fa7d43f,0.0,0.0,0.0,0.0,0.0
382,Mark Milligan,DF,au Australia,28.0,1985,1,1,90,1.0,0,0,0,0,0,0,1,0,34972862,0.0,0.0,0.0,0.0,0.0
383,James Milner,DF,eng England,28.0,1986,1,1,75,0.8,0,0,0,0,0,0,0,0,2f90f6b8,0.0,0.0,0.0,0.0,0.0
384,Oswaldo Minda,MF,ec Ecuador,30.0,1983,2,2,172,1.9,0,0,0,0,0,0,0,0,1f84526e,0.0,0.0,0.0,0.0,0.0
385,Kevin Mirallas,FW,be Belgium,26.0,1987,4,2,222,2.5,0,0,0,0,0,0,0,0,aa51343f,0.0,0.0,0.0,0.0,0.0
386,Zvjezdan Misimović,MF,ba Bosnia–Herz,32.0,1982,2,2,163,1.8,0,0,0,0,0,0,0,0,0b51984b,0.0,0.0,0.0,0.0,0.0
387,Kostas Mitroglou,FW,gr Greece,26.0,1988,3,1,124,1.4,0,0,0,0,0,0,0,0,c6ac6579,0.0,0.0,0.0,0.0,0.0
388,Luka Modrić,MF,hr Croatia,28.0,1985,3,3,270,3.0,0,0,0,0,0,0,0,0,6025fab1,0.0,0.0,0.0,0.0,0.0
389,Faryd Mondragón,GK,co Colombia,42.0,1971,1,0,6,0.1,0,0,0,0,0,0,0,0,cbd99275,0.0,0.0,0.0,0.0,0.0
390,Pejman Montazeri,DF,ir IR Iran,30.0,1983,3,3,270,3.0,0,0,0,0,0,0,0,0,0f5702ad,0.0,0.0,0.0,0.0,0.0
391,Jefferson Montero,FW,ec Ecuador,24.0,1989,3,3,226,2.5,0,0,0,0,0,0,1,0,fa6561bf,0.0,0.0,0.0,0.0,0.0
392,Héctor Moreno,DF,mx Mexico,26.0,1988,4,4,315,3.5,0,0,0,0,0,0,1,0,5d311e8d,0.0,0.0,0.0,0.0,0.0
393,Masato Morishige,DF,jp Japan,27.0,1987,1,1,90,1.0,0,0,0,0,0,0,1,0,5f58895f,0.0,0.0,0.0,0.0,0.0
394,Victor Moses,FW,ng Nigeria,23.0,1990,2,2,139,1.5,0,0,0,0,0,0,0,0,e726e11e,0.0,0.0,0.0,0.0,0.0
395,Mehdi Mostefa,DF,dz Algeria,30.0,1983,2,2,210,2.3,0,0,0,0,0,0,0,0,b2a138bc,0.0,0.0,0.0,0.0,0.0
396,Thiago Motta,MF,it Italy,31.0,1982,3,1,95,1.1,0,0,0,0,0,0,0,0,57ef0d97,0.0,0.0,0.0,0.0,0.0
397,Benjamin Moukandjo,FW,cm Cameroon,25.0,1988,3,3,237,2.6,0,0,0,0,0,0,0,0,e0312377,0.0,0.0,0.0,0.0,0.0
398,João Moutinho,MF,pt Portugal,27.0,1986,3,3,270,3.0,0,0,0,0,0,0,1,0,f5a00fa4,0.0,0.0,0.0,0.0,0.0
399,Mensur Mujdža,DF,ba Bosnia–Herz,30.0,1984,2,2,158,1.8,0,0,0,0,0,0,0,0,1ebfbf66,0.0,0.0,0.0,0.0,0.0
400,Thomas Müller,FW,de Germany,24.0,1989,7,7,681,7.6,5,3,8,4,1,1,0,0,3c6089ab,0.4,1.06,0.66,0.53,0.93
401,Sulley Muntari,MF,gh Ghana,29.0,1984,2,2,180,2.0,0,1,1,0,0,0,2,0,e185aa52,0.5,0.5,0.0,0.0,0.5
402,Ahmed Musa,FW,ng Nigeria,21.0,1992,4,4,334,3.7,2,0,2,2,0,0,0,0,b7084daf,0.0,0.54,0.54,0.54,0.54
403,Fernando Muslera,GK,uy Uruguay,27.0,1986,4,4,360,4.0,0,0,0,0,0,0,1,0,a2abe631,0.0,0.0,0.0,0.0,0.0
404,Shkodran Mustafi,DF,de Germany,22.0,1992,3,1,132,1.5,0,0,0,0,0,0,0,0,3f2d59fe,0.0,0.0,0.0,0.0,0.0
405,David Myrie,DF,cr Costa Rica,26.0,1988,1,0,42,0.5,0,0,0,0,0,0,0,0,798c050d,0.0,0.0,0.0,0.0,0.0
406,Landry N'Guémo,DF,cm Cameroon,28.0,1985,1,1,90,1.0,0,0,0,0,0,0,0,0,84d036fd,0.0,0.0,0.0,0.0,0.0
407,Yūto Nagatomo,DF,jp Japan,27.0,1986,3,3,270,3.0,0,1,1,0,0,0,0,0,4b6960d2,0.33,0.33,0.0,0.0,0.33
408,Andy Najar,DF,hn Honduras,21.0,1993,2,1,71,0.8,0,0,0,0,0,0,0,0,f8280175,0.0,0.0,0.0,0.0,0.0
409,Nani,FW,pt Portugal,27.0,1986,3,3,270,3.0,1,0,1,1,0,0,0,0,15e9c7e6,0.0,0.33,0.33,0.33,0.33
410,Keylor Navas,GK,cr Costa Rica,27.0,1986,5,5,510,5.7,0,0,0,0,0,0,1,0,ecada4fc,0.0,0.0,0.0,0.0,0.0
411,Javad Nekounam,MF,ir IR Iran,33.0,1980,3,3,270,3.0,0,1,1,0,0,0,1,0,baccd726,0.33,0.33,0.0,0.0,0.33
412,Manuel Neuer,GK,de Germany,28.0,1986,7,7,690,7.7,0,0,0,0,0,0,0,0,8778c910,0.0,0.0,0.0,0.0,0.0
413,Neymar,FW,br Brazil,22.0,1992,5,5,454,5.0,4,1,5,3,1,1,1,0,69384e5d,0.2,0.99,0.79,0.59,0.79
414,Nicolas Nkoulou,DF,cm Cameroon,24.0,1990,3,3,270,3.0,0,0,0,0,0,0,0,0,93cf32a8,0.0,0.0,0.0,0.0,0.0
415,Christian Noboa,MF,ec Ecuador,29.0,1985,3,3,269,3.0,0,0,0,0,0,0,0,0,9d1e8e76,0.0,0.0,0.0,0.0,0.0
416,Dany Nounkeu,DF,cm Cameroon,28.0,1986,2,0,90,1.0,0,0,0,0,0,0,1,0,819a94a2,0.0,0.0,0.0,0.0,0.0
417,Uche Nwofor,FW,ng Nigeria,22.0,1991,2,0,13,0.1,0,0,0,0,0,0,0,0,920ffd96,0.0,0.0,0.0,0.0,0.0
418,Allan Nyom,DF,cm Cameroon,26.0,1988,1,1,90,1.0,0,1,1,0,0,0,0,0,97572117,1.0,1.0,0.0,0.0,1.0
419,Tommy Oar,FW,au Australia,22.0,1991,3,3,203,2.3,0,0,0,0,0,0,0,0,334e61b3,0.0,0.0,0.0,0.0,0.0
420,John Obi Mikel,MF,ng Nigeria,27.0,1987,4,4,360,4.0,0,0,0,0,0,0,1,0,424d5f72,0.0,0.0,0.0,0.0,0.0
421,Godfrey Oboabona,DF,ng Nigeria,23.0,1990,1,1,28,0.3,0,0,0,0,0,0,0,0,35cc25b4,0.0,0.0,0.0,0.0,0.0
422,Guillermo Ochoa,GK,mx Mexico,28.0,1985,4,4,360,4.0,0,0,0,0,0,0,0,0,1e9bde92,0.0,0.0,0.0,0.0,0.0
423,Peter Odemwingie,FW,ng Nigeria,32.0,1981,4,3,281,3.1,1,0,1,1,0,0,0,0,b16150ac,0.0,0.32,0.32,0.32,0.32
424,Shinji Okazaki,FW,jp Japan,28.0,1986,3,3,248,2.8,1,0,1,1,0,0,0,0,68796d61,0.0,0.36,0.36,0.36,0.36
425,Yoshito Ōkubo,FW,jp Japan,32.0,1982,3,2,204,2.3,0,0,0,0,0,0,0,0,930074bb,0.0,0.0,0.0,0.0,0.0
426,Ivica Olić,FW,hr Croatia,34.0,1979,3,3,226,2.5,1,0,1,1,0,0,0,0,1bb54bef,0.0,0.4,0.4,0.4,0.4
427,Kenneth Omeruo,DF,ng Nigeria,20.0,1993,4,4,360,4.0,0,0,0,0,0,0,1,0,0f0aa5b4,0.0,0.0,0.0,0.0,0.0
428,Ogenyi Onazi,MF,ng Nigeria,21.0,1992,4,4,328,3.6,0,0,0,0,0,0,0,0,17310a6c,0.0,0.0,0.0,0.0,0.0
429,Daniel Opare,DF,gh Ghana,23.0,1990,1,1,90,1.0,0,0,0,0,0,0,0,0,49d53c68,0.0,0.0,0.0,0.0,0.0
430,Divock Origi,FW,be Belgium,19.0,1995,5,2,246,2.7,1,0,1,1,0,0,0,0,43a166b4,0.0,0.37,0.37,0.37,0.37
431,Yuya Osako,FW,jp Japan,24.0,1990,2,2,122,1.4,0,0,0,0,0,0,0,0,f69fba57,0.0,0.0,0.0,0.0,0.0
432,Oscar,FW,br Brazil,22.0,1991,7,7,638,7.1,2,2,4,2,0,0,1,0,57fe98dd,0.28,0.56,0.28,0.28,0.56
433,Juwon Oshaniwa,DF,ng Nigeria,23.0,1990,4,4,360,4.0,0,0,0,0,0,0,1,0,2c11a096,0.0,0.0,0.0,0.0,0.0
434,David Ospina,GK,co Colombia,25.0,1988,5,5,444,4.9,0,0,0,0,0,0,0,0,82b1198a,0.0,0.0,0.0,0.0,0.0
435,Mesut Özil,MF,de Germany,25.0,1988,7,7,651,7.2,1,1,2,1,0,0,0,0,16380240,0.14,0.28,0.14,0.14,0.28
436,Rodrigo Palacio,FW,ar Argentina,32.0,1982,5,0,164,1.8,0,0,0,0,0,0,0,0,8d8178ac,0.0,0.0,0.0,0.0,0.0
437,Jerry Palacios,FW,hn Honduras,32.0,1982,1,0,51,0.6,0,0,0,0,0,0,1,0,24cc7b5f,0.0,0.0,0.0,0.0,0.0
438,Wilson Palacios,MF,hn Honduras,29.0,1984,2,2,132,1.5,0,0,0,0,0,0,2,1,58df81fc,0.0,0.0,0.0,0.0,0.0
439,Gabriel Paletta,DF,it Italy,28.0,1986,1,1,90,1.0,0,0,0,0,0,0,0,0,cc3477f4,0.0,0.0,0.0,0.0,0.0
440,Sokratis Papastathopoulos,DF,gr Greece,26.0,1988,4,4,390,4.3,1,0,1,1,0,0,1,0,b682dcf6,0.0,0.23,0.23,0.23,0.23
441,Marco Parolo,MF,it Italy,29.0,1985,2,0,57,0.6,0,0,0,0,0,0,0,0,ed5886d2,0.0,0.0,0.0,0.0,0.0
442,Rui Patrício,GK,pt Portugal,26.0,1988,1,1,90,1.0,0,0,0,0,0,0,0,0,79b0d6a0,0.0,0.0,0.0,0.0,0.0
443,Paulinho,MF,br Brazil,25.0,1988,6,5,383,4.3,0,0,0,0,0,0,0,0,bb7337cc,0.0,0.0,0.0,0.0,0.0
444,Pedro,FW,es Spain,26.0,1987,2,1,103,1.1,0,0,0,0,0,0,0,0,3ca7254a,0.0,0.0,0.0,0.0,0.0
445,Carlos Peña,MF,mx Mexico,24.0,1990,1,0,12,0.1,0,0,0,0,0,0,0,0,f7381739,0.0,0.0,0.0,0.0,0.0
446,Pepe,DF,pt Portugal,31.0,1983,2,2,126,1.4,0,0,0,0,0,0,0,1,c906ce0f,0.0,0.0,0.0,0.0,0.0
447,Oribe Peralta,FW,mx Mexico,30.0,1984,4,4,298,3.3,1,1,2,1,0,0,0,0,5e6758f3,0.3,0.6,0.3,0.3,0.6
448,Álvaro Pereira,DF,uy Uruguay,28.0,1985,3,3,204,2.3,0,0,0,0,0,0,0,0,1b0aaf11,0.0,0.0,0.0,0.0,0.0
449,João Pereira,DF,pt Portugal,30.0,1984,3,3,240,2.7,0,0,0,0,0,0,1,0,aefd0c5b,0.0,0.0,0.0,0.0,0.0
450,Maxi Pereira,DF,uy Uruguay,30.0,1984,3,2,224,2.5,0,0,0,0,0,0,0,1,6e592fa4,0.0,0.0,0.0,0.0,0.0
451,Enzo Pérez,MF,ar Argentina,28.0,1986,3,2,218,2.4,0,0,0,0,0,0,0,0,6d27cfc2,0.0,0.0,0.0,0.0,0.0
452,Ivan Perišić,FW,hr Croatia,25.0,1989,3,3,257,2.9,2,1,3,2,0,0,0,0,6fe90922,0.35,1.05,0.7,0.7,1.05
453,Robin van Persie,FW,nl Netherlands,30.0,1983,6,6,544,6.0,4,0,4,3,1,1,2,0,3fcab3a8,0.0,0.66,0.66,0.5,0.5
454,Mauricio Pinilla,FW,cl Chile,30.0,1984,3,0,47,0.5,0,0,0,0,0,0,1,0,33bd231e,0.0,0.0,0.0,0.0,0.0
455,Gerard Piqué,DF,es Spain,27.0,1987,1,1,90,1.0,0,0,0,0,0,0,0,0,adfc9123,0.0,0.0,0.0,0.0,0.0
456,Andrea Pirlo,MF,it Italy,35.0,1979,3,3,270,3.0,0,0,0,0,0,0,0,0,71c5f16f,0.0,0.0,0.0,0.0,0.0
457,Miralem Pjanić,MF,ba Bosnia–Herz,24.0,1990,3,3,270,3.0,1,0,1,1,0,0,0,0,ad6df2d5,0.0,0.33,0.33,0.33,0.33
458,Stipe Pletikosa,GK,hr Croatia,35.0,1979,3,3,270,3.0,0,0,0,0,0,0,0,0,38a1b57c,0.0,0.0,0.0,0.0,0.0
459,Lukas Podolski,FW,de Germany,29.0,1985,2,1,54,0.6,0,0,0,0,0,0,0,0,88f0a9a0,0.0,0.0,0.0,0.0,0.0
460,Paul Pogba,MF,fr France,21.0,1993,5,4,354,3.9,1,1,2,1,0,0,1,0,867239d3,0.25,0.51,0.25,0.25,0.51
461,Mehrdad Pooladi,DF,ir IR Iran,27.0,1987,3,3,270,3.0,0,0,0,0,0,0,0,0,0006a865,0.0,0.0,0.0,0.0,0.0
462,Hélder Postiga,FW,pt Portugal,31.0,1982,1,1,15,0.2,0,0,0,0,0,0,0,0,c8504093,0.0,0.0,0.0,0.0,0.0
463,Danijel Pranjić,DF,hr Croatia,32.0,1981,2,2,163,1.8,0,1,1,0,0,0,0,0,38929ff9,0.55,0.55,0.0,0.0,0.55
464,Juan Quintero,FW,co Colombia,21.0,1993,3,1,94,1.0,1,0,1,1,0,0,0,0,540d0b37,0.0,0.96,0.96,0.96,0.96
465,Mohammed Rabiu,MF,gh Ghana,24.0,1989,3,3,222,2.5,0,0,0,0,0,0,1,0,f4a9eb92,0.0,0.0,0.0,0.0,0.0
466,Ivan Rakitić,MF,hr Croatia,26.0,1988,3,3,270,3.0,0,1,1,0,0,0,1,0,89f951b5,0.33,0.33,0.0,0.0,0.33
467,Ramires,MF,br Brazil,27.0,1987,7,2,250,2.8,0,1,1,0,0,0,1,0,4cce2c67,0.36,0.36,0.0,0.0,0.36
468,Gastón Ramírez,FW,uy Uruguay,23.0,1990,2,0,51,0.6,0,1,1,0,0,0,0,0,2c851997,1.76,1.76,0.0,0.0,1.76
469,Adrián Ramos,FW,co Colombia,28.0,1986,3,1,141,1.6,0,1,1,0,0,0,0,0,c693cf7c,0.64,0.64,0.0,0.0,0.64
470,Sergio Ramos,DF,es Spain,28.0,1986,3,3,270,3.0,0,0,0,0,0,0,1,0,08511d65,0.0,0.0,0.0,0.0,0.0
471,Ante Rebić,FW,hr Croatia,20.0,1993,3,0,46,0.5,0,0,0,0,0,0,0,1,536cebe5,0.0,0.0,0.0,0.0,0.0
472,Pepe Reina,GK,es Spain,31.0,1982,1,1,90,1.0,0,0,0,0,0,0,0,0,e358587b,0.0,0.0,0.0,0.0,0.0
473,Loïc Rémy,FW,fr France,27.0,1987,2,0,30,0.3,0,0,0,0,0,0,0,0,5c2da10f,0.0,0.0,0.0,0.0,0.0
474,Diego Reyes,DF,mx Mexico,21.0,1992,1,0,45,0.5,0,0,0,0,0,0,0,0,d4f46475,0.0,0.0,0.0,0.0,0.0
475,Arjen Robben,FW,nl Netherlands,30.0,1984,7,7,690,7.7,3,1,4,3,0,0,1,0,09586899,0.13,0.52,0.39,0.39,0.52
476,Cristian Rodríguez,MF,uy Uruguay,28.0,1985,4,4,332,3.7,0,0,0,0,0,0,0,0,dcd67568,0.0,0.0,0.0,0.0,0.0
477,James Rodríguez,FW,co Colombia,22.0,1991,5,4,399,4.4,6,2,8,5,1,1,1,0,715bf047,0.45,1.8,1.35,1.13,1.58
478,Maxi Rodríguez,FW,ar Argentina,33.0,1981,2,1,66,0.7,0,0,0,0,0,0,0,0,4f06b1e0,0.0,0.0,0.0,0.0,0.0
479,Ricardo Rodríguez,DF,ch Switzerland,21.0,1992,4,4,390,4.3,0,2,2,0,0,0,0,0,7f78ad23,0.46,0.46,0.0,0.0,0.46
480,Joao Rojas,FW,ec Ecuador,25.0,1989,1,0,15,0.2,0,0,0,0,0,0,0,0,77e9a4e7,0.0,0.0,0.0,0.0,0.0
481,José Rojas,DF,cl Chile,30.0,1983,1,0,13,0.1,0,0,0,0,0,0,0,0,0e8369e1,0.0,0.0,0.0,0.0,0.0
482,Marcos Rojo,DF,ar Argentina,24.0,1990,6,6,614,6.8,1,0,1,1,0,0,2,0,e0991c04,0.0,0.15,0.15,0.15,0.15
483,Sergio Romero,GK,ar Argentina,27.0,1987,7,7,720,8.0,0,0,0,0,0,0,0,0,1e26e376,0.0,0.0,0.0,0.0,0.0
484,Cristiano Ronaldo,FW,pt Portugal,29.0,1985,3,3,270,3.0,1,1,2,1,0,0,0,0,dea698d9,0.33,0.67,0.33,0.33,0.67
485,Wayne Rooney,FW,eng England,28.0,1985,3,2,195,2.2,1,1,2,1,0,0,0,0,f07be45a,0.46,0.92,0.46,0.46,0.92
486,Bryan Ruiz,FW,cr Costa Rica,28.0,1985,5,5,492,5.5,2,0,2,2,0,0,1,0,fa6292e2,0.0,0.37,0.37,0.37,0.37
487,Mathew Ryan,GK,au Australia,22.0,1992,3,3,270,3.0,0,0,0,0,0,0,0,0,4535e4bb,0.0,0.0,0.0,0.0,0.0
488,Bacary Sagna,DF,fr France,31.0,1983,1,1,90,1.0,0,0,0,0,0,0,0,0,6ef56efd,0.0,0.0,0.0,0.0,0.0
489,Mamadou Sakho,DF,fr France,24.0,1990,4,4,286,3.2,0,0,0,0,0,0,0,0,87935cf3,0.0,0.0,0.0,0.0,0.0
490,Carlos Salcido,DF,mx Mexico,34.0,1980,2,1,91,1.0,0,0,0,0,0,0,0,0,190bc058,0.0,0.0,0.0,0.0,0.0
491,Sejad Salihović,DF,ba Bosnia–Herz,29.0,1984,2,0,45,0.5,0,0,0,0,0,0,0,0,a4e14205,0.0,0.0,0.0,0.0,0.0
492,Edgar Salli,FW,cm Cameroon,21.0,1992,2,0,49,0.5,0,0,0,0,0,0,1,0,41d1fbc6,0.0,0.0,0.0,0.0,0.0
493,Dimitris Salpingidis,FW,gr Greece,32.0,1981,4,3,224,2.5,0,0,0,0,0,0,1,0,c55257e3,0.0,0.0,0.0,0.0,0.0
494,Georgios Samaras,FW,gr Greece,29.0,1985,4,4,390,4.3,1,1,2,0,1,1,1,0,1b77cb6a,0.23,0.46,0.23,0.0,0.23
495,Andreas Samaris,MF,gr Greece,25.0,1989,2,1,136,1.5,1,0,1,1,0,0,1,0,5af687a1,0.0,0.66,0.66,0.66,0.66
496,Aleksandr Samedov,MF,ru Russia,29.0,1984,3,3,269,3.0,0,0,0,0,0,0,0,0,44c3d1d2,0.0,0.0,0.0,0.0,0.0
497,Sammir,FW,hr Croatia,27.0,1987,1,1,71,0.8,0,0,0,0,0,0,0,0,4ba410e6,0.0,0.0,0.0,0.0,0.0
498,Alexis Sánchez,FW,cl Chile,25.0,1988,4,4,390,4.3,2,1,3,2,0,0,0,0,2c0f8e9e,0.23,0.69,0.46,0.46,0.69
499,Carlos Sánchez,DF,co Colombia,28.0,1986,4,4,360,4.0,0,0,0,0,0,0,1,0,50b51fac,0.0,0.0,0.0,0.0,0.0
500,Fabian Schär,DF,ch Switzerland,22.0,1991,2,2,210,2.3,0,0,0,0,0,0,0,0,c8aa95da,0.0,0.0,0.0,0.0,0.0
501,Morgan Schneiderlin,MF,fr France,24.0,1989,1,1,90,1.0,0,0,0,0,0,0,0,0,51b41c5c,0.0,0.0,0.0,0.0,0.0
502,André Schürrle,FW,de Germany,23.0,1990,6,0,249,2.8,3,1,4,3,0,0,0,0,ecbb3fdf,0.36,1.45,1.08,1.08,1.45
503,Bastian Schweinsteiger,DF,de Germany,29.0,1984,6,5,505,5.6,0,0,0,0,0,0,2,0,ccc22fea,0.0,0.0,0.0,0.0,0.0
504,Haris Seferović,FW,ch Switzerland,22.0,1992,4,1,141,1.6,1,0,1,1,0,0,0,0,a45eac1f,0.0,0.64,0.64,0.64,0.64
505,Philippe Senderos,DF,ch Switzerland,29.0,1985,1,0,82,0.9,0,0,0,0,0,0,0,0,b1d82fc2,0.0,0.0,0.0,0.0,0.0
506,Hwang Seok-ho,DF,kr Korea Republic,24.0,1989,1,0,19,0.2,0,0,0,0,0,0,0,0,5b66c012,0.0,0.0,0.0,0.0,0.0
507,Kim Seung-gyu,GK,kr Korea Republic,23.0,1990,1,1,90,1.0,0,0,0,0,0,0,0,0,eabaafa6,0.0,0.0,0.0,0.0,0.0
508,Xherdan Shaqiri,FW,ch Switzerland,22.0,1991,4,4,386,4.3,3,0,3,3,0,0,0,0,6421ec64,0.0,0.7,0.7,0.7,0.7
509,Oleg Shatov,FW,ru Russia,23.0,1990,3,3,206,2.3,0,0,0,0,0,0,1,0,8ce063f9,0.0,0.0,0.0,0.0,0.0
510,Luke Shaw,DF,eng England,18.0,1995,1,1,90,1.0,0,0,0,0,0,0,0,0,9c94165b,0.0,0.0,0.0,0.0,0.0
511,Kim Shin-wook,FW,kr Korea Republic,26.0,1988,2,1,99,1.1,0,0,0,0,0,0,0,0,a28c86c0,0.0,0.0,0.0,0.0,0.0
512,Masoud Shojaei,MF,ir IR Iran,30.0,1984,3,2,122,1.4,0,0,0,0,0,0,1,0,a898d91e,0.0,0.0,0.0,0.0,0.0
513,David Silva,FW,es Spain,28.0,1986,3,2,175,1.9,0,0,0,0,0,0,0,0,e2716bd0,0.0,0.0,0.0,0.0,0.0
514,Eduardo da Silva,FW,hr Croatia,31.0,1983,1,0,22,0.2,0,0,0,0,0,0,1,0,10ba6807,0.0,0.0,0.0,0.0,0.0
515,Francisco Silva,DF,cl Chile,28.0,1986,3,3,279,3.1,0,0,0,0,0,0,2,0,11d68e60,0.0,0.0,0.0,0.0,0.0
516,Thiago Silva,DF,br Brazil,29.0,1984,6,6,570,6.3,1,1,2,1,0,0,3,0,86e7deaf,0.16,0.32,0.16,0.16,0.32
517,Giovanni Sio,FW,ci Côte d'Ivoire,25.0,1989,1,0,8,0.1,0,0,0,0,0,0,0,0,0fe7f7bc,0.0,0.0,0.0,0.0,0.0
518,Salvatore Sirigu,GK,it Italy,27.0,1987,1,1,90,1.0,0,0,0,0,0,0,0,0,10dc46f0,0.0,0.0,0.0,0.0,0.0
519,Maicon Sisenando,DF,br Brazil,32.0,1981,3,3,270,3.0,0,0,0,0,0,0,0,0,fbc5d136,0.0,0.0,0.0,0.0,0.0
520,Moussa Sissoko,MF,fr France,24.0,1989,4,2,215,2.4,1,0,1,1,0,0,0,0,2acd49b9,0.0,0.42,0.42,0.42,0.42
521,Islam Slimani,FW,dz Algeria,25.0,1988,4,3,324,3.6,2,1,3,2,0,0,0,0,ffec9769,0.28,0.83,0.56,0.56,0.83
522,Chris Smalling,DF,eng England,24.0,1989,1,1,90,1.0,0,0,0,0,0,0,0,0,b6964eb6,0.0,0.0,0.0,0.0,0.0
523,Wesley Sneijder,MF,nl Netherlands,30.0,1984,6,6,584,6.5,1,1,2,1,0,0,0,0,ad625c12,0.15,0.31,0.15,0.15,0.31
524,Alexandre Song,DF,cm Cameroon,26.0,1987,2,2,117,1.3,0,0,0,0,0,0,0,1,1c32281d,0.0,0.0,0.0,0.0,0.0
525,Hillel Soudani,FW,dz Algeria,26.0,1987,3,2,165,1.8,0,0,0,0,0,0,0,0,7a435eb3,0.0,0.0,0.0,0.0,0.0
526,Emir Spahić,DF,ba Bosnia–Herz,33.0,1980,3,3,270,3.0,0,0,0,0,0,0,1,0,009633c8,0.0,0.0,0.0,0.0,0.0
527,Matthew Spiranovic,DF,au Australia,25.0,1988,3,3,270,3.0,0,0,0,0,0,0,1,0,faa88ff6,0.0,0.0,0.0,0.0,0.0
528,Darijo Srna,DF,hr Croatia,32.0,1982,3,3,270,3.0,0,0,0,0,0,0,0,0,edd6c8e9,0.0,0.0,0.0,0.0,0.0
529,Raheem Sterling,FW,eng England,19.0,1994,3,2,182,2.0,0,0,0,0,0,0,1,0,b400bde0,0.0,0.0,0.0,0.0,0.0
530,Valentin Stocker,MF,ch Switzerland,25.0,1989,1,1,45,0.5,0,0,0,0,0,0,0,0,6b85f966,0.0,0.0,0.0,0.0,0.0
531,Cristhian Stuani,FW,uy Uruguay,27.0,1986,4,1,180,2.0,0,0,0,0,0,0,0,0,220c11f1,0.0,0.0,0.0,0.0,0.0
532,Daniel Sturridge,FW,eng England,24.0,1989,3,3,259,2.9,1,0,1,1,0,0,0,0,1b7ec703,0.0,0.35,0.35,0.35,0.35
533,Luis Suárez,FW,uy Uruguay,27.0,1987,2,2,177,2.0,2,0,2,2,0,0,0,0,a6154613,0.0,1.02,1.02,1.02,1.02
534,Yun Suk-young,DF,kr Korea Republic,24.0,1990,3,3,270,3.0,0,0,0,0,0,0,0,0,121612e7,0.0,0.0,0.0,0.0,0.0
535,Jung Sung-ryong,GK,kr Korea Republic,29.0,1985,2,2,180,2.0,0,0,0,0,0,0,0,0,68362e1c,0.0,0.0,0.0,0.0,0.0
536,Ki Sung-yueng,MF,kr Korea Republic,25.0,1989,3,3,270,3.0,0,1,1,0,0,0,1,0,1d8c99b0,0.33,0.33,0.0,0.0,0.33
537,Toni Šunjić,DF,ba Bosnia–Herz,25.0,1988,2,2,180,2.0,0,1,1,0,0,0,0,0,a79c321f,0.5,0.5,0.0,0.0,0.5
538,Tino-Sven Sušić,MF,ba Bosnia–Herz,22.0,1992,2,1,105,1.2,0,0,0,0,0,0,0,0,488350bf,0.0,0.0,0.0,0.0,0.0
539,Adam Taggart,FW,au Australia,21.0,1993,2,1,59,0.7,0,0,0,0,0,0,0,0,2c7d02e5,0.0,0.0,0.0,0.0,0.0
540,Saphir Taïder,MF,dz Algeria,22.0,1992,2,2,167,1.9,0,0,0,0,0,0,0,0,a12d0c05,0.0,0.0,0.0,0.0,0.0
541,Yeltsin Tejeda,MF,cr Costa Rica,22.0,1992,5,5,391,4.3,0,0,0,0,0,0,1,0,74319b04,0.0,0.0,0.0,0.0,0.0
542,Andranik Teymourian,MF,ir IR Iran,31.0,1983,3,3,270,3.0,0,0,0,0,0,0,1,0,dec2c4e1,0.0,0.0,0.0,0.0,0.0
543,Cheick Tioté,MF,ci Côte d'Ivoire,27.0,1986,3,3,240,2.7,0,0,0,0,0,0,1,0,e1270968,0.0,0.0,0.0,0.0,0.0
544,Vasilis Torosidis,DF,gr Greece,29.0,1985,4,4,390,4.3,0,0,0,0,0,0,1,0,8ea2c099,0.0,0.0,0.0,0.0,0.0
545,Fernando Torres,FW,es Spain,30.0,1984,3,1,145,1.6,1,0,1,1,0,0,0,0,bdf7b97d,0.0,0.62,0.62,0.62,0.62
546,Kolo Touré,DF,ci Côte d'Ivoire,33.0,1981,1,1,90,1.0,0,0,0,0,0,0,0,0,3301c9f4,0.0,0.0,0.0,0.0,0.0
547,Yaya Touré,MF,ci Côte d'Ivoire,31.0,1983,3,3,270,3.0,0,0,0,0,0,0,0,0,c204f844,0.0,0.0,0.0,0.0,0.0
548,James Troisi,FW,au Australia,25.0,1988,2,0,43,0.5,0,0,0,0,0,0,0,0,3b4706ab,0.0,0.0,0.0,0.0,0.0
549,Michael Uchebo,FW,ng Nigeria,27.0,1900,1,0,25,0.3,0,0,0,0,0,0,0,0,fab62497,0.0,0.0,0.0,0.0,0.0
550,Atsuto Uchida,DF,jp Japan,26.0,1988,3,3,270,3.0,0,0,0,0,0,0,0,0,7c81e887,0.0,0.0,0.0,0.0,0.0
551,Michael Umaña,DF,cr Costa Rica,31.0,1982,4,4,420,4.7,0,0,0,0,0,0,1,0,bd08a77d,0.0,0.0,0.0,0.0,0.0
552,Marco Ureña,FW,cr Costa Rica,24.0,1990,4,0,106,1.2,1,0,1,1,0,0,0,0,823e3479,0.0,0.85,0.85,0.85,0.85
553,Ejike Uzoenyi,FW,ng Nigeria,26.0,1988,1,0,16,0.2,0,0,0,0,0,0,0,0,047d9cc1,0.0,0.0,0.0,0.0,0.0
554,Mathieu Valbuena,FW,fr France,29.0,1984,4,4,331,3.7,1,1,2,1,0,0,0,0,7a4cea18,0.27,0.54,0.27,0.27,0.54
555,Carlos Valdés,DF,co Colombia,29.0,1985,1,1,90,1.0,0,0,0,0,0,0,0,0,9beb653a,0.0,0.0,0.0,0.0,0.0
556,Jorge Valdivia,MF,cl Chile,30.0,1983,3,1,94,1.0,1,0,1,1,0,0,0,0,11f1e522,0.0,0.96,0.96,0.96,0.96
557,Antonio Valencia,DF,ec Ecuador,28.0,1985,3,3,229,2.5,0,0,0,0,0,0,1,1,08aa17d0,0.0,0.0,0.0,0.0,0.0
558,Enner Valencia,FW,ec Ecuador,24.0,1989,3,3,270,3.0,3,0,3,3,0,0,1,0,fb485406,0.0,1.0,1.0,1.0,1.0
559,Noel Valladares,GK,hn Honduras,37.0,1977,3,3,270,3.0,0,0,0,0,0,0,0,0,af5aa006,0.0,0.0,0.0,0.0,0.0
560,Daniel Van Buyten,DF,be Belgium,36.0,1978,5,5,480,5.3,0,0,0,0,0,0,0,0,18a7d190,0.0,0.0,0.0,0.0,0.0
561,Anthony Vanden Borre,DF,be Belgium,26.0,1987,1,1,90,1.0,0,0,0,0,0,0,0,0,6d31e0c1,0.0,0.0,0.0,0.0,0.0
562,Raphaël Varane,DF,fr France,21.0,1993,5,4,390,4.3,0,0,0,0,0,0,0,0,9f8e9423,0.0,0.0,0.0,0.0,0.0
563,Silvestre Varela,FW,pt Portugal,29.0,1985,2,0,51,0.6,1,0,1,1,0,0,0,0,9dffef9e,0.0,1.76,1.76,1.76,1.76
564,Eduardo Vargas,FW,cl Chile,24.0,1989,4,4,307,3.4,1,1,2,1,0,0,0,0,bd603c00,0.29,0.59,0.29,0.29,0.59
565,Miguel Veloso,MF,pt Portugal,28.0,1986,3,3,225,2.5,0,0,0,0,0,0,0,0,ab1ca213,0.0,0.0,0.0,0.0,0.0
566,Joël Veltman,DF,nl Netherlands,22.0,1992,2,0,15,0.2,0,0,0,0,0,0,0,0,dad4b285,0.0,0.0,0.0,0.0,0.0
567,Paul Verhaegh,DF,nl Netherlands,30.0,1983,1,1,55,0.6,0,0,0,0,0,0,0,0,97655ccd,0.0,0.0,0.0,0.0,0.0
568,Thomas Vermaelen,DF,be Belgium,28.0,1985,1,1,30,0.3,0,0,0,0,0,0,0,0,d0d79694,0.0,0.0,0.0,0.0,0.0
569,Marco Verratti,MF,it Italy,21.0,1992,2,2,130,1.4,0,1,1,0,0,0,0,0,1467af0d,0.69,0.69,0.0,0.0,0.69
570,Jan Vertonghen,DF,be Belgium,27.0,1987,5,4,450,5.0,1,0,1,1,0,0,1,0,ba23a904,0.0,0.2,0.2,0.2,0.2
571,Arturo Vidal,MF,cl Chile,27.0,1987,3,3,232,2.6,0,0,0,0,0,0,1,0,67cdbc0e,0.0,0.0,0.0,0.0,0.0
572,Vieirinha,DF,pt Portugal,28.0,1986,1,0,22,0.2,0,0,0,0,0,0,0,0,779fe525,0.0,0.0,0.0,0.0,0.0
573,David Villa,FW,es Spain,32.0,1981,1,1,55,0.6,1,0,1,1,0,0,0,0,ade08a67,0.0,1.64,1.64,1.64,1.64
574,Edin Višća,DF,ba Bosnia–Herz,24.0,1990,2,0,27,0.3,0,0,0,0,0,0,0,0,da1185fc,0.0,0.0,0.0,0.0,0.0
575,Ron Vlaar,DF,nl Netherlands,29.0,1985,7,7,690,7.7,0,0,0,0,0,0,0,0,366f6f12,0.0,0.0,0.0,0.0,0.0
576,Michel Vorm,GK,nl Netherlands,30.0,1983,1,0,1,0.0,0,0,0,0,0,0,0,0,1bebde9d,0.0,0.0,0.0,0.0,0.0
577,Ognjen Vranješ,DF,ba Bosnia–Herz,24.0,1989,1,0,30,0.3,0,0,0,0,0,0,0,0,b8ae831b,0.0,0.0,0.0,0.0,0.0
578,Stefan de Vrij,DF,nl Netherlands,22.0,1992,7,7,676,7.5,1,0,1,1,0,0,1,0,d0d8dd44,0.0,0.13,0.13,0.13,0.13
579,Avdija Vršajević,DF,ba Bosnia–Herz,28.0,1986,1,1,90,1.0,1,0,1,1,0,0,0,0,90104ffb,0.0,1.0,1.0,1.0,1.0
580,Šime Vrsaljko,DF,hr Croatia,22.0,1992,2,2,147,1.6,0,0,0,0,0,0,0,0,46a8347f,0.0,0.0,0.0,0.0,0.0
581,Wakaso,MF,gh Ghana,23.0,1990,2,0,28,0.3,0,0,0,0,0,0,0,0,999908af,0.0,0.0,0.0,0.0,0.0
582,Pierre Webó,FW,cm Cameroon,32.0,1982,3,0,52,0.6,0,0,0,0,0,0,0,0,3d6f05ea,0.0,0.0,0.0,0.0,0.0
583,Danny Welbeck,FW,eng England,23.0,1990,2,2,130,1.4,0,0,0,0,0,0,0,0,ce5143da,0.0,0.0,0.0,0.0,0.0
584,Georginio Wijnaldum,FW,nl Netherlands,23.0,1990,7,5,552,6.1,1,0,1,1,0,0,0,0,eb58eef0,0.0,0.16,0.16,0.16,0.16
585,Alex Wilkinson,DF,au Australia,29.0,1984,3,3,270,3.0,0,0,0,0,0,0,0,0,5d92749e,0.0,0.0,0.0,0.0,0.0
586,Willian,FW,br Brazil,25.0,1988,5,1,153,1.7,0,0,0,0,0,0,0,0,8b9ebd03,0.0,0.0,0.0,0.0,0.0
587,Jack Wilshere,MF,eng England,22.0,1992,2,1,90,1.0,0,0,0,0,0,0,0,0,9c318325,0.0,0.0,0.0,0.0,0.0
588,Axel Witsel,DF,be Belgium,25.0,1989,4,4,390,4.3,0,0,0,0,0,0,1,0,5dfc6ad5,0.0,0.0,0.0,0.0,0.0
589,Chris Wondolowski,FW,us United States,31.0,1983,2,0,53,0.6,0,0,0,0,0,0,0,0,37f46eda,0.0,0.0,0.0,0.0,0.0
590,Xavi,MF,es Spain,34.0,1980,1,1,90,1.0,0,0,0,0,0,0,0,0,c1b4188c,0.0,0.0,0.0,0.0,0.0
591,Granit Xhaka,MF,ch Switzerland,21.0,1992,4,4,321,3.6,1,0,1,1,0,0,1,0,e61b8aee,0.0,0.28,0.28,0.28,0.28
592,Didier Ya Konan,FW,ci Côte d'Ivoire,30.0,1984,1,0,13,0.1,0,0,0,0,0,0,0,0,1f73c654,0.0,0.0,0.0,0.0,0.0
593,Hotaru Yamaguchi,MF,jp Japan,23.0,1990,3,2,209,2.3,0,0,0,0,0,0,0,0,8c147c14,0.0,0.0,0.0,0.0,0.0
594,Hassan Yebda,MF,dz Algeria,30.0,1984,1,0,20,0.2,0,0,0,0,0,0,0,0,4907d688,0.0,0.0,0.0,0.0,0.0
595,DeAndre Yedlin,DF,us United States,20.0,1993,3,0,115,1.3,0,0,0,0,0,0,0,0,ae0a7ddf,0.0,0.0,0.0,0.0,0.0
596,Mario Yepes,DF,co Colombia,38.0,1976,4,4,360,4.0,0,0,0,0,0,0,1,0,a7562b55,0.0,0.0,0.0,0.0,0.0
597,Andrey Yeshchenko,DF,ru Russia,30.0,1984,2,1,119,1.3,0,1,1,0,0,0,0,0,d0a01d27,0.76,0.76,0.0,0.0,0.76
598,Joseph Yobo,DF,ng Nigeria,33.0,1980,4,3,332,3.7,0,0,0,0,0,0,0,0,acd633df,0.0,0.0,0.0,0.0,0.0
599,Lee Yong,DF,kr Korea Republic,27.0,1986,3,3,270,3.0,0,0,0,0,0,0,1,0,95e57652,0.0,0.0,0.0,0.0,0.0
600,Maya Yoshida,DF,jp Japan,25.0,1988,3,3,270,3.0,0,0,0,0,0,0,1,0,caffaf5a,0.0,0.0,0.0,0.0,0.0
601,Kim Young-gwon,DF,kr Korea Republic,24.0,1990,3,3,270,3.0,0,0,0,0,0,0,0,0,9459ace1,0.0,0.0,0.0,0.0,0.0
602,Pablo Zabaleta,DF,ar Argentina,29.0,1985,7,7,720,8.0,0,0,0,0,0,0,0,0,6813ac34,0.0,0.0,0.0,0.0,0.0
603,Cristián Zapata,DF,co Colombia,27.0,1986,4,4,360,4.0,0,0,0,0,0,0,0,0,b1deecf8,0.0,0.0,0.0,0.0,0.0
604,Yuri Zhirkov,DF,ru Russia,30.0,1983,1,1,70,0.8,0,0,0,0,0,0,0,0,ed2b33cb,0.0,0.0,0.0,0.0,0.0
605,Didier Zokora,MF,ci Côte d'Ivoire,33.0,1980,2,2,180,2.0,0,0,0,0,0,0,2,0,23921ca7,0.0,0.0,0.0,0.0,0.0
606,Juan Zúñiga,DF,co Colombia,28.0,1985,4,4,360,4.0,0,0,0,0,0,0,0,0,06b34f37,0.0,0.0,0.0,0.0,0.0
